Spec_File,OptUV_Radius_cm,OptUV_Temperature_K,OptUV_ChiSquare,SoftX_Radius_cm,SoftX_Temperature_K,SoftX_ChiSquare
0150,583078673689622.1,48094.56461168163,5.124534502453093e+40,2891979376341.5117,691913.6638317006,5.965759844597198e+42
0151,564625251267719.1,45535.93517173839,2.79141680048322e+40,2891979376341.5117,691913.6638317006,1.4115672064404708e+43
0152,546755847460193.56,48094.56461168163,4.753090895452821e+40,2309017203911.472,740366.0134130177,1.3852059324063125e+43
0153,707177313041143.1,44308.126953854226,1.3545379219412501e+41,3184899793878.313,584205.2955044999,2.5627562675628466e+42
0154,754157475712119.9,45535.93517173839,1.2899026304028201e+41,1033369546729.8458,646632.2190966592,2.3307669870032073e+43
0155,778805304410367.5,44308.126953854226,1.7578746031052695e+41,462470620963.63354,625115.1960956908,9.521009593607383e+42
0156,583078673689622.1,45535.93517173839,1.3799926366806894e+40,3084103273751.8486,646632.2190966592,6.183611276751035e+42
0157,730289707776296.1,44308.126953854226,1.6604588975587796e+41,879875767023.7208,646632.2190966592,7.74719729854755e+41
0158,465542285604540.44,45535.93517173839,4.753320090001207e+40,2986496787575.317,625115.1960956908,9.538979128238366e+42
0159,465542285604540.44,44308.126953854226,7.958652736289303e+40,2625999326339.922,646632.2190966592,1.1453705302699086e+43
0160,621814547189458.4,44308.126953854226,1.1092985930924888e+41,2986496787575.317,668889.877234506,2.33613335851072e+42
0161,730289707776296.1,45535.93517173839,5.579929671156807e+40,1425359001572.086,765850.0724140495,1.62825989747627e+42
0162,778805304410367.5,45535.93517173839,8.442161916220023e+40,968995896705.6782,646632.2190966592,3.517953743530552e+42
0163,730289707776296.1,44308.126953854226,1.308081130246951e+41,1569729586402.6428,625115.1960956908,3.953301092322497e+42
0164,730289707776296.1,43113.424743658674,1.0105516949462934e+41,1569729586402.6428,715729.9497136263,1.1907608932548846e+42
0165,707177313041143.1,45535.93517173839,1.599605675393092e+41,702511331852.1321,876865.3157700199,3.9910645796020247e+42
0166,707177313041143.1,45535.93517173839,1.5956212556961551e+41,462470620963.63354,715729.9497136263,6.215369494284254e+42
0167,642137064614263.0,44308.126953854226,6.309268940272519e+40,1843567935364.6787,792211.3154718872,3.571018731424591e+42
0168,730289707776296.1,43113.424743658674,1.3038718293057133e+41,1067142752446.2457,740366.0134130177,2.6874516059842838e+42
0169,564625251267719.1,45535.93517173839,9.717918164021406e+40,3862752970003.271,604314.1632126757,5.4834875246387795e+42
0170,663123774789698.0,45535.93517173839,1.1291900613372936e+41,1843567935364.6787,740366.0134130177,1.9840876042777394e+42
0171,754157475712119.9,43113.424743658674,1.6000166374835928e+41,1253305141158.283,691913.6638317006,1.046190463574346e+42
0172,730289707776296.1,46797.76678721456,1.916677497114092e+41,702511331852.1321,604314.1632126757,1.7698840211711695e+42
0173,754157475712119.9,44308.126953854226,1.2038483476819546e+41,12294302918085.78,328633.3764141353,6.2061395307341434e+41
0174,529451979097141.0,46797.76678721456,5.855610157742655e+40,3396483377864.7783,668889.877234506,1.266820687652487e+43
0175,621814547189458.4,44308.126953854226,1.1671092020964238e+41,1674011991902.1965,715729.9497136263,6.782235153975164e+42
0176,684796385263151.5,45535.93517173839,7.710390374705126e+40,493194096678.63446,691913.6638317006,1.2883927305724242e+42
0177,804258688286553.2,44308.126953854226,3.326598224599968e+40,968995896705.6782,510242.17724234634,3.307479900054395e+42
0178,546755847460193.56,46797.76678721456,8.626339237033954e+40,3288990606564.976,668889.877234506,1.869745379260877e+43
0179,778805304410367.5,45535.93517173839,2.0973055432224342e+41,1336566408625.6714,625115.1960956908,4.4404404312890885e+42
0180,564625251267719.1,43113.424743658674,9.641886420958573e+40,2800453276219.6113,668889.877234506,1.285014191543447e+43
0181,546755847460193.56,43113.424743658674,2.8487085988169497e+40,2891979376341.5117,691913.6638317006,2.362907372917712e+43
0182,583078673689622.1,43113.424743658674,7.54442149236476e+40,3622123169553.179,604314.1632126757,5.738848439722763e+42
0183,778805304410367.5,43113.424743658674,2.8942417445550315e+40,1569729586402.6428,715729.9497136263,2.2407062775588406e+42
0184,684796385263151.5,43113.424743658674,1.163753846533127e+41,2891979376341.5117,625115.1960956908,7.942256240875667e+42
0185,754157475712119.9,44308.126953854226,5.748213720900013e+40,2309017203911.472,668889.877234506,5.134929753104216e+41
0186,804258688286553.2,41950.93588729162,1.4263221417631044e+41,1569729586402.6428,765850.0724140495,1.121497985741163e+42
0187,778805304410367.5,44308.126953854226,3.064789108324478e+40,968995896705.6782,646632.2190966592,5.128273109589426e+42
0188,754157475712119.9,44308.126953854226,1.279920503922859e+41,1102019754406.6584,792211.3154718872,3.91244924714593e+42
0189,754157475712119.9,44308.126953854226,1.3233352769493098e+41,908632396613.3987,625115.1960956908,1.1792204430927323e+43
0190,754157475712119.9,44308.126953854226,8.758347338042022e+40,1380248876736.9033,740366.0134130177,2.2490925792180022e+42
0191,663123774789698.0,45535.93517173839,1.6220265418241938e+41,2800453276219.6113,668889.877234506,5.320628854299908e+42
0192,663123774789698.0,44308.126953854226,7.336779782666792e+40,2711823817433.4067,715729.9497136263,1.8829505318837048e+42
0193,778805304410367.5,44308.126953854226,1.617937467227729e+41,1067142752446.2457,668889.877234506,2.5919283487681836e+42
0194,778805304410367.5,43113.424743658674,8.883706640965464e+40,1253305141158.283,819479.9360447068,1.4533832880043476e+42
0195,684796385263151.5,44308.126953854226,7.314428184768391e+40,1843567935364.6787,715729.9497136263,1.9727822238625226e+42
0196,529451979097141.0,44308.126953854226,7.012968774076093e+39,4996108004985.691,545972.6933965883,2.0236028788714164e+42
0197,564625251267719.1,45535.93517173839,5.728150221231706e+40,2891979376341.5117,668889.877234506,5.968128860072319e+42
0198,754157475712119.9,43113.424743658674,1.1283824091118912e+41,879875767023.7208,646632.2190966592,9.384186313625435e+41
0199,754157475712119.9,44308.126953854226,9.773878967517004e+40,1380248876736.9033,493263.6037355609,1.0665688406611105e+42
0200,754157475712119.9,45535.93517173839,1.680816272722424e+40,8913233943034.248,317697.9300964932,2.1226278586841564e+41
0201,621814547189458.4,45535.93517173839,1.2978272732494253e+41,2711823817433.4067,715729.9497136263,2.93353881351226e+42
0202,754157475712119.9,43113.424743658674,1.877874246683531e+41,798952160713.5629,691913.6638317006,1.7313172032671227e+42
0203,730289707776296.1,44308.126953854226,1.091764816049975e+41,11163575869463.494,317697.9300964932,6.28650626266786e+41
0204,663123774789698.0,44308.126953854226,5.581350293981354e+40,2235940839149.9287,715729.9497136263,4.68270400146204e+42
0205,707177313041143.1,45535.93517173839,1.136734138080425e+41,938328867685.6477,691913.6638317006,7.428620312290858e+42
0206,754157475712119.9,43113.424743658674,1.158339396789213e+41,1033369546729.8458,819479.9360447068,7.176812256145872e+41
0207,602135201973896.6,43113.424743658674,7.21863067258211e+40,2462412967391.7036,715729.9497136263,1.2872883876503372e+43
0208,684796385263151.5,45535.93517173839,1.021671089532605e+41,852029234573.9205,668889.877234506,3.864341928906968e+42
0209,730289707776296.1,44308.126953854226,5.017558100665889e+40,35531234964813.4,259316.8180365392,7.963353493019893e+39
0210,512695747968727.56,45535.93517173839,3.268129856451267e+40,3084103273751.8486,625115.1960956908,1.2410600155958506e+43
0211,684796385263151.5,44308.126953854226,1.2104709687653918e+41,1138036627544.5293,510242.17724234634,1.0791105649764069e+43
0212,663123774789698.0,45535.93517173839,7.70756227936314e+40,773666719174.0092,970565.2607883513,1.889932240171656e+42
0213,465542285604540.44,48094.56461168163,3.235473041700609e+40,2462412967391.7036,691913.6638317006,1.0925146951217238e+43
0214,707177313041143.1,48094.56461168163,9.176835988967725e+40,938328867685.6477,584205.2955044999,2.1531697336951683e+42
0215,663123774789698.0,46797.76678721456,1.0954393547636343e+40,1471943442667.867,715729.9497136263,2.942354733360559e+42
0216,730289707776296.1,45535.93517173839,5.127932509675841e+40,725471230180.6859,625115.1960956908,2.434583375080218e+42
0217,730289707776296.1,48094.56461168163,2.0211425675948466e+41,294814000000.0001,564765.5608154068,5.904479174426694e+41
0218,529451979097141.0,49427.297582481406,1.098533469060229e+41,2462412967391.7036,691913.6638317006,2.0705079502227776e+43
0219,621814547189458.4,45535.93517173839,4.2016499131628986e+40,2542891030606.955,715729.9497136263,1.7248277592628956e+43
0220,730289707776296.1,46797.76678721456,1.0636125120007712e+41,1425359001572.086,740366.0134130177,2.0754406627402345e+42
0221,642137064614263.0,45535.93517173839,1.2387759933183558e+41,3862752970003.271,564765.5608154068,2.671452062793388e+42
0222,684796385263151.5,48094.56461168163,2.178570572440872e+41,2625999326339.922,646632.2190966592,7.719757473837492e+41
0223,684796385263151.5,45535.93517173839,1.06433741044377e+40,2309017203911.472,715729.9497136263,7.353103768541181e+42
0224,754157475712119.9,45535.93517173839,1.327619165499639e+41,5867675935648.598,389222.6333479636,5.2402884628131644e+41
0225,754157475712119.9,44308.126953854226,8.177047576065221e+40,40408966604305.63,234281.9516818377,9.108908827687396e+35
0226,730289707776296.1,44308.126953854226,4.384788155688688e+40,1966042341572.603,476850.00108219223,2.438938886264596e+41
0227,642137064614263.0,44308.126953854226,1.3297065561118363e+40,2891979376341.5117,646632.2190966592,3.0615289821812685e+42
0228,684796385263151.5,45535.93517173839,3.404127346280235e+40,2165177213798.77,715729.9497136263,3.128346415983437e+42
0229,684796385263151.5,46797.76678721456,2.1602891775413283e+41,2096653133691.913,715729.9497136263,2.1836530519049597e+42
0230,830543954980019.4,43113.424743658674,6.351732215666853e+40,852029234573.9205,646632.2190966592,1.5836299053137315e+42
0231,778805304410367.5,43113.424743658674,6.749390799427408e+40,2165177213798.77,691913.6638317006,4.6152117274599974e+42
0232,804258688286553.2,41950.93588729162,1.7235296464531572e+41,852029234573.9205,646632.2190966592,2.90922134199929e+42
0233,663123774789698.0,43113.424743658674,4.464599225375537e+40,2384481894425.3154,715729.9497136263,2.1057217363331415e+42
0234,602135201973896.6,44308.126953854226,1.2133606345743955e+41,3084103273751.8486,691913.6638317006,4.856067302528329e+42
0235,546755847460193.56,44308.126953854226,1.2368563263261083e+41,3862752970003.271,604314.1632126757,4.7743815905779935e+42
0236,602135201973896.6,43113.424743658674,1.428556013252471e+41,3184899793878.313,625115.1960956908,7.370743104779905e+42
0237,754157475712119.9,43113.424743658674,1.1719347184440842e+41,1674011991902.1965,564765.5608154068,3.399859414192892e+42
0238,602135201973896.6,41950.93588729162,4.2309402722670455e+40,2235940839149.9287,740366.0134130177,1.70786844798511e+43
0239,754157475712119.9,43113.424743658674,7.504192059588273e+40,617711792580.77,715729.9497136263,4.883952646874315e+42
0240,707177313041143.1,44308.126953854226,1.945579736230947e+41,72091030134058.5,242346.1455688769,1.4304602178965312e+42
0241,663123774789698.0,41950.93588729162,1.0521547296304741e+41,10468142054606.785,307126.36643578357,7.7340593518322375e+40
0242,707177313041143.1,44308.126953854226,2.0523971217006173e+41,1007311481191269.6,161461.40010351967,7.525965782024653e+36
0243,663123774789698.0,45535.93517173839,2.0998433635447943e+41,1380248876736.9033,765850.0724140495,1.9985474784228482e+42
0244,663123774789698.0,45535.93517173839,1.8904559228791953e+41,1102019754406.6584,765850.0724140495,4.8383359448423274e+41
0245,564625251267719.1,45535.93517173839,7.903831089083344e+40,2384481894425.3154,715729.9497136263,4.0154524123683797e+43
0246,778805304410367.5,41950.93588729162,2.1139217073394892e+41,1138036627544.5293,740366.0134130177,2.2198013008690497e+42
0247,583078673689622.1,44308.126953854226,1.9977683966107414e+40,3988997788326.376,584205.2955044999,1.153309369056548e+43
0248,830543954980019.4,41950.93588729162,2.51750118824781e+41,1728723059741.5186,545972.6933965883,2.7632858924865036e+42
0249,602135201973896.6,45535.93517173839,7.204083311613307e+40,2891979376341.5117,691913.6638317006,8.095262854374434e+42
0250,885719777776936.0,41950.93588729162,2.81675764027878e+41,1000665204032.711,668889.877234506,1.07381739663767e+42
0251,830543954980019.4,44308.126953854226,7.494446095545177e+40,2096653133691.913,493263.6037355609,3.9471892774864207e+42
0252,684796385263151.5,45535.93517173839,1.4439107078593711e+41,1843567935364.6787,792211.3154718872,3.3303583159806986e+42
0253,778805304410367.5,43113.424743658674,4.608408612497122e+40,1425359001572.086,740366.0134130177,9.48853396483119e+41
0254,621814547189458.4,44308.126953854226,1.4579945025083065e+40,3184899793878.313,646632.2190966592,9.800100929541636e+42
0255,857688292585879.0,41950.93588729162,2.084949772605764e+41,1102019754406.6584,625115.1960956908,1.715753257300301e+42
0256,857688292585879.0,43113.424743658674,9.024669557971128e+40,1621032433877.157,765850.0724140495,4.1322758322343e+41
0257,804258688286553.2,44308.126953854226,1.495739347865251e+41,1966042341572.603,668889.877234506,2.0438702153787627e+43
0258,857688292585879.0,43113.424743658674,1.4678595320987696e+41,1175230625815.9944,740366.0134130177,8.480363005734221e+41
0259,857688292585879.0,43113.424743658674,1.284313234017878e+41,1067142752446.2457,819479.9360447068,1.3840971638204735e+42
0260,602135201973896.6,46797.76678721456,1.1920356766311478e+41,2625999326339.922,691913.6638317006,1.1113602683992094e+43
0261,684796385263151.5,43113.424743658674,7.400566345461842e+40,3084103273751.8486,646632.2190966592,4.399642363528385e+42
0262,642137064614263.0,41950.93588729162,1.2501260606362981e+41,3622123169553.179,625115.1960956908,5.0717615947068337e+42
0263,602135201973896.6,41950.93588729162,1.2792406684057902e+41,4393032100351.1543,545972.6933965883,4.2944756669588045e+42
0264,642137064614263.0,44308.126953854226,6.668093197823618e+40,2986496787575.317,668889.877234506,8.444572151288367e+42
0265,830543954980019.4,40819.79179996614,2.3349319616900018e+41,1033369546729.8458,646632.2190966592,2.1860549959606586e+42
0266,830543954980019.4,43113.424743658674,3.3150551761709318e+40,1000665204032.711,527805.1684035911,3.1317903701333824e+42
0267,778805304410367.5,44308.126953854226,1.9578505155937825e+41,18675536835575.89,296906.57704756694,3.759086574221319e+41
0268,546755847460193.56,40819.79179996614,8.344982867953674e+40,3084103273751.8486,668889.877234506,1.8026528835325905e+43
0269,583078673689622.1,43113.424743658674,1.5040122099340607e+40,3288990606564.976,604314.1632126757,7.820440105336914e+42
0270,778805304410367.5,40819.79179996614,1.4887302970814031e+41,1175230625815.9944,765850.0724140495,1.815201737854168e+42
0271,546755847460193.56,41950.93588729162,2.2487585862680145e+40,3184899793878.313,625115.1960956908,8.949353530893986e+42
0272,564625251267719.1,41950.93588729162,9.696946200731444e+40,3740503579855.1514,625115.1960956908,6.386149118490172e+42
0273,778805304410367.5,41950.93588729162,9.679869397160067e+40,2096653133691.913,564765.5608154068,2.51382536987529e+42
0274,707177313041143.1,43113.424743658674,7.32289776000454e+40,2096653133691.913,668889.877234506,1.415951930452194e+42
0275,684796385263151.5,44308.126953854226,1.7340463953957885e+41,1336566408625.6714,564765.5608154068,2.0099010263319763e+42
0276,621814547189458.4,43113.424743658674,8.826831827514043e+40,2986496787575.317,646632.2190966592,3.1447572334181034e+42
0277,564625251267719.1,43113.424743658674,7.718554558430199e+39,3622123169553.179,584205.2955044999,8.14743496203091e+42
0278,804258688286553.2,41950.93588729162,1.6940940553728774e+41,2542891030606.955,584205.2955044999,1.6694366429853057e+42
0279,663123774789698.0,43113.424743658674,4.588709205250692e+40,3740503579855.1514,604314.1632126757,1.5666531756969436e+42
0280,529451979097141.0,44308.126953854226,8.939323501258997e+40,3740503579855.1514,584205.2955044999,5.2206971547474454e+42
0281,663123774789698.0,44308.126953854226,7.940748839726925e+40,2542891030606.955,691913.6638317006,9.618327184312269e+42
0282,707177313041143.1,40819.79179996614,1.6424657599393844e+41,2800453276219.6113,691913.6638317006,3.4992713973100594e+42
0283,602135201973896.6,40819.79179996614,1.1458191182345347e+41,3288990606564.976,625115.1960956908,7.401188839597606e+42
0284,730289707776296.1,43113.424743658674,8.959555173037091e+40,3622123169553.179,476850.00108219223,1.293179310585866e+42
0285,583078673689622.1,44308.126953854226,1.136625689152817e+41,2986496787575.317,646632.2190966592,5.423945149092796e+42
0286,512695747968727.56,44308.126953854226,6.539377484994565e+40,3740503579855.1514,604314.1632126757,5.604227679953885e+42
0287,730289707776296.1,43113.424743658674,1.4674131586541059e+41,1175230625815.9944,715729.9497136263,2.996290249263536e+42
0288,754157475712119.9,43113.424743658674,1.0344873694385243e+41,1175230625815.9944,715729.9497136263,8.973903556377711e+41
0289,754157475712119.9,43113.424743658674,6.458964244272504e+40,908632396613.3987,668889.877234506,2.6713791181003876e+42
0290,754157475712119.9,41950.93588729162,1.181626945403524e+40,1213640220733.4148,510242.17724234634,4.420506158260338e+42
0291,684796385263151.5,41950.93588729162,4.0866950027659103e+40,1520050384515.9585,740366.0134130177,2.7028552666808414e+42
0292,707177313041143.1,40819.79179996614,1.5069505817759785e+41,1728723059741.5186,765850.0724140495,1.8606622625914507e+42
0293,778805304410367.5,40819.79179996614,1.557343913900136e+41,294814000000.0001,161461.40010351967,0.0
0294,754157475712119.9,40819.79179996614,1.6055773422531956e+41,294814000000.0001,161461.40010351967,0.0
0295,684796385263151.5,44308.126953854226,2.0293462344493846e+41,16421228830142.14,307126.36643578357,7.309088230836326e+41
0296,663123774789698.0,44308.126953854226,7.415378971136581e+40,1067142752446.2457,792211.3154718872,2.3665467239684545e+42
0297,663123774789698.0,44308.126953854226,8.321296169209665e+40,1520050384515.9585,847687.1668764589,3.4120974357856235e+42
0298,496469822312222.06,45535.93517173839,6.980232190649348e+40,2309017203911.472,765850.0724140495,9.987232653533585e+42
0299,564625251267719.1,43113.424743658674,4.295428522980974e+40,1903820532637.6072,740366.0134130177,4.769419183263853e+42
0300,496469822312222.06,45535.93517173839,1.0893513045501911e+41,3622123169553.179,625115.1960956908,6.997475008210022e+42
0301,663123774789698.0,44308.126953854226,8.074126484480442e+39,1033369546729.8458,819479.9360447068,1.0028586145724448e+43
0302,602135201973896.6,43113.424743658674,1.6111286764467224e+40,2625999326339.922,715729.9497136263,9.494139947922899e+42
0303,754157475712119.9,43113.424743658674,1.5601735457663196e+41,1033369546729.8458,715729.9497136263,3.444062601289054e+42
0304,663123774789698.0,45535.93517173839,1.4356495316336386e+41,2165177213798.77,691913.6638317006,4.589065647332262e+42
0305,642137064614263.0,41950.93588729162,9.237047208011352e+40,2309017203911.472,740366.0134130177,4.971738818404526e+42
0306,564625251267719.1,45535.93517173839,7.734287925905585e+40,2891979376341.5117,715729.9497136263,8.404290600676563e+42
0307,546755847460193.56,45535.93517173839,6.468854497047943e+40,3084103273751.8486,668889.877234506,9.701058784821293e+42
0308,642137064614263.0,44308.126953854226,6.717736623226811e+40,2165177213798.77,740366.0134130177,4.401080076955793e+42
0309,684796385263151.5,43113.424743658674,9.417461952726663e+40,1674011991902.1965,765850.0724140495,2.864649266474559e+42
0310,684796385263151.5,43113.424743658674,9.45284601289415e+40,1033369546729.8458,765850.0724140495,2.5798227800201193e+42
0311,684796385263151.5,45535.93517173839,3.734677090808372e+40,617711792580.77,668889.877234506,3.4444241644574023e+42
0312,621814547189458.4,48094.56461168163,1.8515745538897197e+41,1425359001572.086,493263.6037355609,4.4636435897019837e+42
0313,564625251267719.1,48094.56461168163,1.5259387308424904e+41,2235940839149.9287,740366.0134130177,1.2018694156243507e+42
0314,621814547189458.4,44308.126953854226,5.635996829507748e+40,1471943442667.867,625115.1960956908,8.755346064481743e+42
0315,359935142432174.0,45535.93517173839,2.0631288609689556e+40,3396483377864.7783,625115.1960956908,1.6026647155409834e+43
0316,529451979097141.0,48094.56461168163,5.04752715561005e+40,2462412967391.7036,476850.00108219223,5.860017787282412e+42
0317,337513019616912.56,45535.93517173839,4.114776103167428e+40,2462412967391.7036,715729.9497136263,2.5586059405042466e+43
0318,337513019616912.56,48094.56461168163,2.9963841615539846e+40,2542891030606.955,668889.877234506,1.3656562836801534e+43
0319,359935142432174.0,48094.56461168163,1.7113296736742448e+40,2165177213798.77,715729.9497136263,2.2162198465065845e+43
0320,359935142432174.0,50796.96148686583,3.7063153997544007e+40,2462412967391.7036,715729.9497136263,1.3524371013393853e+43
0321,529451979097141.0,48094.56461168163,1.1411845093475296e+41,4254000301181.0786,402620.02379144216,1.9573705207598264e+41
0322,337513019616912.56,53651.20397974041,5.330089085268385e+40,4536607820492.515,493263.6037355609,1.2094215486496942e+43
0323,512695747968727.56,53651.20397974041,1.29962891531343e+41,1785222227641.4202,476850.00108219223,2.2083953518965954e+42
0324,583078673689622.1,49427.297582481406,3.6527040110550386e+40,3084103273751.8486,430814.1282887437,2.5548449411391123e+42
0325,583078673689622.1,50796.96148686583,8.961717468428136e+40,10468142054606.785,317697.9300964932,1.7522035141053016e+41
0326,546755847460193.56,50796.96148686583,1.2769448227437485e+41,7589287469431.688,339945.2305545469,2.529777107536172e+40
0327,337513019616912.56,52204.57970602628,1.3300068157466404e+40,2309017203911.472,691913.6638317006,2.959447806102448e+43
0328,529451979097141.0,49427.297582481406,2.361849276977357e+40,852029234573.9205,740366.0134130177,1.8359045620915892e+42
0329,396391955737937.4,50796.96148686583,4.841579394922824e+40,2891979376341.5117,691913.6638317006,1.2998536074353442e+43
0330,480757418884944.3,50796.96148686583,8.434599286986025e+40,2384481894425.3154,668889.877234506,5.645254329932742e+42
0331,583078673689622.1,50796.96148686583,5.219863669124741e+40,1000665204032.711,604314.1632126757,1.082386461047142e+42
0332,422725603917276.94,49427.297582481406,6.184359270235468e+40,4254000301181.0786,564765.5608154068,2.804116775954453e+42
0333,496469822312222.06,49427.297582481406,7.217238902507302e+40,2891979376341.5117,668889.877234506,2.089162479975521e+42
0334,546755847460193.56,52204.57970602628,8.022821912778568e+40,1213640220733.4148,792211.3154718872,3.6256927232578826e+42
0335,529451979097141.0,49427.297582481406,1.2039638213560647e+41,1520050384515.9585,819479.9360447068,4.8873392418481175e+42
0336,512695747968727.56,53651.20397974041,1.0993630994281223e+41,509312963097.6717,765850.0724140495,3.36346544844937e+42
0337,512695747968727.56,53651.20397974041,8.067421167052678e+40,617711792580.77,564765.5608154068,7.000391861153952e+42
0338,512695747968727.56,53651.20397974041,5.256322004106549e+40,433661061020.06433,527805.1684035911,2.5431584224152427e+42
0339,564625251267719.1,52204.57970602628,7.635113403819804e+39,680278074235.6105,510242.17724234634,2.6749829459486087e+42
0340,529451979097141.0,52204.57970602628,4.681599818617149e+40,1425359001572.086,792211.3154718872,2.5345317116205263e+42
0341,529451979097141.0,49427.297582481406,5.936993998580016e+40,680278074235.6105,691913.6638317006,5.82810504229485e+42
0342,583078673689622.1,49427.297582481406,7.083122887319062e+40,294814000000.0001,646632.2190966592,1.5420288319485129e+41
0343,564625251267719.1,50796.96148686583,4.851273983829095e+40,1569729586402.6428,527805.1684035911,2.455776779053e+41
0344,480757418884944.3,52204.57970602628,4.027950746950512e+40,1843567935364.6787,847687.1668764589,4.7796859474353306e+42
0345,422725603917276.94,49427.297582481406,1.613921628449438e+40,2625999326339.922,691913.6638317006,2.7959141023865767e+43
0346,621814547189458.4,49427.297582481406,4.295071298206852e+40,938328867685.6477,668889.877234506,4.344582539441831e+42
0347,621814547189458.4,48094.56461168163,5.060350879311611e+40,1000665204032.711,527805.1684035911,4.7620860577316994e+42
0348,642137064614263.0,49427.297582481406,9.74542429426613e+40,773666719174.0092,493263.6037355609,3.042804795289245e+42
0349,496469822312222.06,46797.76678721456,4.522728810390884e+39,2165177213798.77,668889.877234506,3.064740846372482e+43
0350,529451979097141.0,48094.56461168163,4.3013654423413805e+40,2462412967391.7036,691913.6638317006,9.305942149073443e+42
0351,621814547189458.4,46797.76678721456,3.6820436935201005e+40,1380248876736.9033,625115.1960956908,6.084574737769002e+42
0352,450808684738713.25,46797.76678721456,6.010194205167617e+40,3288990606564.976,604314.1632126757,5.28591681382408e+42
0353,642137064614263.0,44308.126953854226,3.2583816438950786e+40,2096653133691.913,527805.1684035911,2.437616563499928e+42
0354,480757418884944.3,46797.76678721456,6.722738287974234e+40,3507489292637.443,625115.1960956908,4.6719182905983564e+42
0355,359935142432174.0,45535.93517173839,3.2638250282444826e+39,3084103273751.8486,604314.1632126757,5.781953423217205e+42
0356,583078673689622.1,44308.126953854226,3.9591149389615673e+40,1520050384515.9585,740366.0134130177,1.8590238471496006e+42
0357,642137064614263.0,45535.93517173839,9.755185043779576e+39,879875767023.7208,715729.9497136263,4.315554710042971e+41
0358,621814547189458.4,46797.76678721456,1.0766083047744921e+41,493194096678.63446,625115.1960956908,1.673641076763807e+42
0359,707177313041143.1,44308.126953854226,1.2806028863013577e+41,879875767023.7208,476850.00108219223,1.3357243243751287e+42
0360,529451979097141.0,48094.56461168163,7.158858966828905e+40,2235940839149.9287,715729.9497136263,4.027322293397258e+42
0361,642137064614263.0,44308.126953854226,1.3833272246838153e+41,879875767023.7208,715729.9497136263,2.579566793442517e+42
0362,465542285604540.44,44308.126953854226,8.268941878534824e+40,4119368615813.722,527805.1684035911,7.611622605641197e+41
0363,583078673689622.1,48094.56461168163,6.090703394628212e+40,1425359001572.086,510242.17724234634,1.919812043041202e+41
0364,465542285604540.44,46797.76678721456,6.234083030656552e+39,3288990606564.976,646632.2190966592,8.169384362486571e+42
0365,621814547189458.4,46797.76678721456,3.463703804071642e+40,1067142752446.2457,646632.2190966592,1.1681030187251525e+42
0366,480757418884944.3,48094.56461168163,1.5784920507829064e+40,3288990606564.976,604314.1632126757,2.6156379388820367e+42
0367,564625251267719.1,48094.56461168163,8.01285825837638e+40,1380248876736.9033,564765.5608154068,1.1781147237355768e+42
0368,564625251267719.1,49427.297582481406,8.612991816904486e+40,1294266414394.6626,604314.1632126757,7.460446839317923e+41
0369,546755847460193.56,49427.297582481406,5.44653558016218e+40,1033369546729.8458,792211.3154718872,4.337324715384001e+41
0370,422725603917276.94,45535.93517173839,6.199867051104727e+40,3084103273751.8486,604314.1632126757,9.220969109435239e+42
0371,512695747968727.56,46797.76678721456,4.3637397885878485e+40,2625999326339.922,668889.877234506,5.746077864497549e+42
0372,396391955737937.4,49427.297582481406,4.963433840410224e+40,5681974232668.811,510242.17724234634,6.940120766298398e+41
0373,546755847460193.56,46797.76678721456,2.2208127319804777e+40,1903820532637.6072,765850.0724140495,3.099146224010877e+42
0374,480757418884944.3,46797.76678721456,4.281306844964125e+40,1425359001572.086,792211.3154718872,2.3156446164222405e+43
0375,564625251267719.1,46797.76678721456,6.753516847257834e+40,1253305141158.283,765850.0724140495,1.9539291623339337e+42
0376,564625251267719.1,49427.297582481406,7.688398392971694e+40,598162292388.3627,691913.6638317006,2.2590320198013782e+42
0377,546755847460193.56,46797.76678721456,4.260664290047035e+40,2800453276219.6113,691913.6638317006,3.095403253874101e+42
0378,707177313041143.1,46797.76678721456,1.492175201269967e+41,1033369546729.8458,691913.6638317006,6.8841423413544924e+41
0379,564625251267719.1,48094.56461168163,4.557382851670745e+40,2800453276219.6113,604314.1632126757,8.519740005246787e+42
0380,621814547189458.4,48094.56461168163,5.504198239385047e+40,1294266414394.6626,564765.5608154068,1.7710638753469197e+42
0381,529451979097141.0,48094.56461168163,2.4740485980957714e+40,1903820532637.6072,740366.0134130177,2.7343865561321957e+42
0382,546755847460193.56,46797.76678721456,4.977634088744292e+40,2165177213798.77,715729.9497136263,4.532206680846459e+42
0383,512695747968727.56,45535.93517173839,5.602820007436026e+40,3084103273751.8486,625115.1960956908,7.150649494101808e+42
0384,602135201973896.6,46797.76678721456,3.207230384766984e+40,1000665204032.711,625115.1960956908,1.1841174241103554e+42
0385,621814547189458.4,48094.56461168163,9.263940250063846e+40,680278074235.6105,740366.0134130177,1.0492319437515085e+42
0386,602135201973896.6,48094.56461168163,1.9222947763376596e+40,477585364250.79694,625115.1960956908,1.8928067286830384e+42
0387,602135201973896.6,46797.76678721456,5.274420369709115e+40,938328867685.6477,476850.00108219223,2.4845720769115998e+42
0388,583078673689622.1,48094.56461168163,1.0683138567889524e+41,116784212709673.33,197811.9004843798,8.663126869956701e+35
0389,436541376626919.4,48094.56461168163,2.9970947218489803e+40,2986496787575.317,646632.2190966592,4.393882499449456e+42
0390,642137064614263.0,46797.76678721456,4.514441993795901e+40,1175230625815.9944,625115.1960956908,7.018641384710965e+41
0391,409347076302336.4,48094.56461168163,9.630572212519119e+39,2625999326339.922,691913.6638317006,8.744463304672295e+42
0392,359935142432174.0,48094.56461168163,5.0222406033483434e+39,2800453276219.6113,625115.1960956908,1.1613495201443824e+43
0393,546755847460193.56,49427.297582481406,8.995352797165853e+40,1033369546729.8458,604314.1632126757,2.384671182697192e+42
0394,642137064614263.0,46797.76678721456,8.151781446743227e+40,852029234573.9205,510242.17724234634,1.885463361022513e+42
0395,663123774789698.0,48094.56461168163,4.600923944491742e+40,1674011991902.1965,460982.5695836015,8.986606104011016e+40
0396,642137064614263.0,48094.56461168163,4.3267261025261873e+40,560899833677.7144,765850.0724140495,2.8057026732260373e+42
0397,663123774789698.0,46797.76678721456,8.828853522601967e+40,294814000000.0001,691913.6638317006,1.676326489515377e+42
0398,621814547189458.4,48094.56461168163,1.0761119758391981e+41,825063996277.8367,510242.17724234634,1.2798989650164837e+42
0399,512695747968727.56,46797.76678721456,6.180643103972048e+40,1966042341572.603,765850.0724140495,1.9533590943713903e+43
0400,583078673689622.1,48094.56461168163,5.464764951556947e+40,879875767023.7208,715729.9497136263,7.184513583710783e+42
0401,583078673689622.1,45535.93517173839,1.2724049570513224e+41,908632396613.3987,564765.5608154068,1.5275628284947577e+43
0402,546755847460193.56,46797.76678721456,3.0353938468571843e+40,1336566408625.6714,493263.6037355609,6.111751562496828e+42
0403,583078673689622.1,48094.56461168163,8.582881203470503e+40,1253305141158.283,476850.00108219223,2.3288910994519525e+42
0404,396391955737937.4,46797.76678721456,2.8065778605018876e+40,3288990606564.976,625115.1960956908,7.423205375876835e+42
0405,383846842129873.5,49427.297582481406,1.617414059600575e+40,3862752970003.271,625115.1960956908,7.112846479473456e+42
0406,529451979097141.0,49427.297582481406,2.7318832810381945e+40,1966042341572.603,792211.3154718872,5.0079264152718755e+42
0407,564625251267719.1,49427.297582481406,7.415343215295405e+40,1213640220733.4148,691913.6638317006,1.0125389063160426e+43
0408,583078673689622.1,48094.56461168163,5.101105297061904e+40,637900221309.1887,625115.1960956908,5.3473441260794484e+42
0409,602135201973896.6,46797.76678721456,1.229116787149461e+41,798952160713.5629,510242.17724234634,5.0591503123747617e+42
0410,564625251267719.1,49427.297582481406,1.1961153532691114e+41,1674011991902.1965,668889.877234506,1.1791793738909603e+42
0411,496469822312222.06,50796.96148686583,1.337970258012553e+41,2309017203911.472,584205.2955044999,2.0775768513119973e+42
0412,348543823340088.1,49427.297582481406,5.330210062355431e+40,3288990606564.976,625115.1960956908,1.0102806166476441e+43
0413,383846842129873.5,48094.56461168163,2.4056873708610693e+40,3084103273751.8486,668889.877234506,1.3724315030075969e+43
0414,450808684738713.25,46797.76678721456,4.450040690730761e+40,2891979376341.5117,691913.6638317006,8.476019739153169e+42
0415,409347076302336.4,48094.56461168163,1.8140871849780816e+40,1674011991902.1965,847687.1668764589,1.3501488151926143e+43
0416,480757418884944.3,46797.76678721456,8.877751384234402e+40,938328867685.6477,847687.1668764589,3.077131574326403e+42
0417,436541376626919.4,50796.96148686583,4.280238926676137e+40,658748460420.7306,876865.3157700199,1.6943073780335779e+25
0418,436541376626919.4,52204.57970602628,2.1038264938543416e+40,1380248876736.9033,765850.0724140495,1.5575450335168318e+42
0419,496469822312222.06,50796.96148686583,7.828569156687278e+40,1067142752446.2457,715729.9497136263,8.08988754155237e+41
0420,359935142432174.0,50796.96148686583,4.580169873125515e+40,3184899793878.313,646632.2190966592,1.0206103736037897e+43
0421,409347076302336.4,50796.96148686583,2.470734120128968e+40,2800453276219.6113,668889.877234506,6.042602949216915e+42
0422,465542285604540.44,52204.57970602628,5.170990767119938e+40,1621032433877.157,564765.5608154068,6.928700889806312e+42
0423,422725603917276.94,53651.20397974041,2.795708241596814e+40,2625999326339.922,460982.5695836015,7.466747940177339e+42
0424,422725603917276.94,55137.91519220738,4.464716011469236e+40,2165177213798.77,460982.5695836015,5.565945594237439e+42
0425,422725603917276.94,52204.57970602628,4.45884475265344e+40,40408966604305.63,268242.7343685689,1.567098903837154e+40
0426,450808684738713.25,55137.91519220738,2.183744311015315e+40,294814000000.0001,161461.40010351967,0.0
0427,450808684738713.25,55137.91519220738,4.391868620137364e+40,1569729586402.6428,402620.02379144216,3.4055779594644497e+36
0428,436541376626919.4,58236.072560356355,5.314037017239098e+40,294814000000.0001,161461.40010351967,0.0
0429,296772113009551.75,58236.072560356355,4.262536815063321e+40,2542891030606.955,715729.9497136263,1.3737019084692752e+43
0430,450808684738713.25,58236.072560356355,5.750272933577561e+40,798952160713.5629,691913.6638317006,1.5210374329229224e+42
0431,480757418884944.3,56665.82417966015,7.787414033906279e+40,798952160713.5629,545972.6933965883,4.3882162953049434e+42
0432,337513019616912.56,53651.20397974041,1.772627337433122e+40,3288990606564.976,625115.1960956908,9.548607555379884e+42
0433,496469822312222.06,56665.82417966015,9.306318581774805e+40,1728723059741.5186,564765.5608154068,3.8238528524494537e+42
0434,396391955737937.4,52204.57970602628,1.578212647820386e+40,3507489292637.443,604314.1632126757,1.399312333655461e+43
0435,564625251267719.1,50796.96148686583,1.584444470898534e+41,1213640220733.4148,646632.2190966592,6.227196756502291e+42
0436,583078673689622.1,52204.57970602628,3.8909050342065477e+40,1213640220733.4148,527805.1684035911,6.209301465299329e+42
0437,409347076302336.4,52204.57970602628,5.76399056615473e+39,2891979376341.5117,646632.2190966592,1.1175331657551533e+43
0438,396391955737937.4,49427.297582481406,5.514507164710264e+40,4837989905933.884,527805.1684035911,6.682298808219778e+41
0439,529451979097141.0,49427.297582481406,5.540395392351073e+40,2165177213798.77,625115.1960956908,2.9975646182001434e+42
0440,383846842129873.5,52204.57970602628,4.12762120037054e+39,4536607820492.515,527805.1684035911,1.3986014380045037e+42
0441,512695747968727.56,52204.57970602628,4.2389067176198575e+40,1966042341572.603,493263.6037355609,1.5547203766414952e+41
0442,359935142432174.0,49427.297582481406,4.2419874320522396e+40,3288990606564.976,625115.1960956908,1.3437576289388506e+43
0443,546755847460193.56,49427.297582481406,5.795406407283705e+40,1067142752446.2457,625115.1960956908,2.0968035415145044e+42
0444,546755847460193.56,52204.57970602628,7.106934957418946e+40,1033369546729.8458,510242.17724234634,2.3693102975361663e+42
0445,359935142432174.0,49427.297582481406,2.0840108465673215e+40,2625999326339.922,668889.877234506,1.446512926909747e+43
0446,348543823340088.1,49427.297582481406,2.9051172972506654e+40,3084103273751.8486,668889.877234506,1.0895871232127716e+43
0447,480757418884944.3,49427.297582481406,1.8938500164390757e+40,3507489292637.443,625115.1960956908,3.1023034657188367e+42
0448,621814547189458.4,49427.297582481406,3.6437022790756588e+40,1253305141158.283,625115.1960956908,8.035210424794249e+41
0449,642137064614263.0,50796.96148686583,4.940688743520119e+40,509312963097.6717,604314.1632126757,2.0890964615677086e+41
0450,480757418884944.3,49427.297582481406,6.958142038498997e+40,3184899793878.313,668889.877234506,5.795743230657122e+42
0451,564625251267719.1,50796.96148686583,7.45565139152317e+40,1336566408625.6714,625115.1960956908,3.1166331540533165e+42
0452,583078673689622.1,48094.56461168163,1.2009968717339279e+41,18084488687644.246,307126.36643578357,1.5684767610242172e+42
0453,496469822312222.06,52204.57970602628,6.1960524055838895e+40,7589287469431.688,363750.433443757,2.3248492935184634e+41
0454,480757418884944.3,50796.96148686583,3.8252528202209407e+40,2309017203911.472,476850.00108219223,3.927131730882916e+42
0455,480757418884944.3,48094.56461168163,7.049253758902698e+40,2625999326339.922,476850.00108219223,1.6621677447978863e+41
0456,306471397892951.3,49427.297582481406,5.895684734320196e+39,3288990606564.976,646632.2190966592,1.5048781514845698e+43
0457,326831321580399.75,52204.57970602628,1.8493000159818152e+40,2711823817433.4067,715729.9497136263,2.0619346232124677e+43
0458,496469822312222.06,50796.96148686583,7.170223000851935e+40,1621032433877.157,765850.0724140495,1.7174860535211574e+42
0459,529451979097141.0,50796.96148686583,2.878234375088329e+40,1175230625815.9944,625115.1960956908,5.331962955061123e+42
0460,450808684738713.25,49427.297582481406,1.273531486032527e+40,2542891030606.955,715729.9497136263,4.5346168444370843e+42
0461,422725603917276.94,52204.57970602628,2.198081762639863e+40,4393032100351.1543,545972.6933965883,2.4661745097865033e+42
0462,316487680644833.06,50796.96148686583,3.718398323703827e+39,3622123169553.179,625115.1960956908,5.98843025863848e+42
0463,480757418884944.3,52204.57970602628,7.651025634631096e+40,1674011991902.1965,564765.5608154068,1.443351905666506e+42
0464,496469822312222.06,53651.20397974041,7.958349609532909e+40,294814000000.0001,161461.40010351967,0.0
0465,496469822312222.06,50796.96148686583,8.897834747639796e+40,637900221309.1887,493263.6037355609,6.284885160088504e+36
0466,480757418884944.3,50796.96148686583,5.651562207950358e+40,37891694170396.86,211663.99194408173,5.706191759749113e+34
0467,480757418884944.3,53651.20397974041,9.44411255733581e+40,41729636781042.48,259316.8180365392,6.211945464887095e+41
0468,348543823340088.1,50796.96148686583,2.806256176499707e+40,2800453276219.6113,668889.877234506,1.2534905256464877e+43
0469,326831321580399.75,53651.20397974041,2.3205639913271564e+40,3184899793878.313,584205.2955044999,1.2724864836019199e+43
0470,359935142432174.0,50796.96148686583,3.938710580313737e+40,2800453276219.6113,691913.6638317006,5.2345673845679215e+42
0471,496469822312222.06,50796.96148686583,5.401548770838052e+40,908632396613.3987,668889.877234506,6.6483976522473595e+41
0472,496469822312222.06,53651.20397974041,5.050919296563921e+40,579231499758.8727,584205.2955044999,6.6619307980475835e+41
0473,422725603917276.94,55137.91519220738,8.163689953944117e+40,1966042341572.603,740366.0134130177,1.370359611051186e+42
0474,465542285604540.44,52204.57970602628,4.2242263538886774e+40,658748460420.7306,715729.9497136263,1.541542409192843e+42
0475,422725603917276.94,53651.20397974041,5.21822255613604e+40,1520050384515.9585,847687.1668764589,1.802835780488009e+42
0476,450808684738713.25,55137.91519220738,3.0571940750047955e+40,617711792580.77,765850.0724140495,4.345549129650845e+42
0477,480757418884944.3,52204.57970602628,1.0933408455639383e+41,294814000000.0001,161461.40010351967,0.0
0478,480757418884944.3,55137.91519220738,1.0429576215732069e+41,337513019616912.56,161461.40010351967,5.881456929458813e+34
0479,337513019616912.56,53651.20397974041,4.3293610710801606e+40,2986496787575.317,646632.2190966592,1.656495469164351e+43
0480,422725603917276.94,55137.91519220738,2.527581332583996e+40,2800453276219.6113,646632.2190966592,3.2862363870317774e+42
0481,512695747968727.56,55137.91519220738,4.0241738087078493e+40,908632396613.3987,646632.2190966592,4.261100833570968e+41
0482,546755847460193.56,55137.91519220738,1.2337461824245545e+41,1138036627544.5293,510242.17724234634,1.125769616076192e+42
0483,546755847460193.56,53651.20397974041,3.240505620962047e+40,1728723059741.5186,740366.0134130177,2.336649830901634e+42
0484,337513019616912.56,55137.91519220738,2.208245124125735e+40,2462412967391.7036,691913.6638317006,1.059984413335249e+43
0485,348543823340088.1,55137.91519220738,5.30149938021513e+40,2384481894425.3154,715729.9497136263,1.446484113422922e+43
0486,436541376626919.4,52204.57970602628,5.606780820308951e+40,6673191099699.122,510242.17724234634,1.0890258920111251e+43
0487,564625251267719.1,50796.96148686583,4.937509776370356e+40,2462412967391.7036,625115.1960956908,1.3629098887825866e+43
0488,409347076302336.4,50796.96148686583,8.5344292783103e+40,3622123169553.179,625115.1960956908,1.4356359027517732e+43
0489,583078673689622.1,53651.20397974041,6.946222230767652e+40,1380248876736.9033,625115.1960956908,2.437116599247654e+42
0490,642137064614263.0,50796.96148686583,1.6539535356192898e+40,938328867685.6477,564765.5608154068,1.9158747710419903e+42
0491,396391955737937.4,50796.96148686583,1.7177664170662134e+40,3622123169553.179,604314.1632126757,5.077328512394347e+42
0492,359935142432174.0,52204.57970602628,3.8234021353857844e+40,2711823817433.4067,691913.6638317006,1.4674108461579855e+43
0493,583078673689622.1,53651.20397974041,7.227604082243003e+40,1294266414394.6626,625115.1960956908,1.753600230686889e+42
0494,383846842129873.5,52204.57970602628,6.194185756573496e+39,2986496787575.317,668889.877234506,1.4791062095230335e+43
0495,348543823340088.1,53651.20397974041,1.6942744223566697e+40,3288990606564.976,691913.6638317006,7.992013471986469e+42
0496,348543823340088.1,53651.20397974041,5.745700685662461e+40,4119368615813.722,564765.5608154068,3.248446431319102e+42
0497,564625251267719.1,52204.57970602628,1.0627556152365117e+41,1843567935364.6787,545972.6933965883,9.663606896374364e+41
0498,409347076302336.4,53651.20397974041,1.2969809210235644e+40,2542891030606.955,715729.9497136263,1.549271214604633e+43
0499,306471397892951.3,55137.91519220738,5.259786512453911e+40,3396483377864.7783,584205.2955044999,1.2235936476481587e+43
0500,371698759473522.7,53651.20397974041,3.9167497342943974e+40,3740503579855.1514,604314.1632126757,6.425287441325924e+42
0501,337513019616912.56,53651.20397974041,1.8328102329495474e+40,3288990606564.976,646632.2190966592,1.208934696772221e+43
0502,337513019616912.56,52204.57970602628,3.161353259492007e+40,3507489292637.443,625115.1960956908,1.0004283816123315e+43
0503,348543823340088.1,55137.91519220738,4.252585926075554e+40,3396483377864.7783,646632.2190966592,9.957326360117497e+42
0504,465542285604540.44,53651.20397974041,9.772415069208617e+40,1966042341572.603,740366.0134130177,1.6787081154844393e+42
0505,348543823340088.1,55137.91519220738,5.912456839720554e+39,3184899793878.313,668889.877234506,1.1295651701747673e+43
0506,564625251267719.1,52204.57970602628,6.807808252552603e+40,1138036627544.5293,668889.877234506,1.6140184221749498e+42
0507,422725603917276.94,52204.57970602628,6.225313748557893e+40,3084103273751.8486,668889.877234506,7.067408961242663e+42
0508,396391955737937.4,53651.20397974041,1.3525548258153448e+40,3288990606564.976,646632.2190966592,8.064293738871728e+42
0509,546755847460193.56,55137.91519220738,4.188535104623307e+40,1380248876736.9033,625115.1960956908,1.5327814617433258e+42
0510,465542285604540.44,52204.57970602628,1.0318898472691201e+41,3288990606564.976,646632.2190966592,2.18719561711963e+42
0511,348543823340088.1,53651.20397974041,5.545124855086494e+40,3184899793878.313,668889.877234506,2.1995790032066443e+43
0512,450808684738713.25,53651.20397974041,5.224540359375909e+40,3184899793878.313,691913.6638317006,4.715512887046322e+42
0513,337513019616912.56,55137.91519220738,4.0264641025561585e+40,2891979376341.5117,691913.6638317006,1.518901703035261e+43
0514,371698759473522.7,55137.91519220738,7.101407035323183e+40,3184899793878.313,668889.877234506,8.886296475302462e+42
0515,348543823340088.1,55137.91519220738,1.980824933420696e+40,2986496787575.317,668889.877234506,1.397072274699941e+43
0516,546755847460193.56,53651.20397974041,2.5310462855899115e+40,1213640220733.4148,646632.2190966592,3.572214425322196e+42
0517,359935142432174.0,55137.91519220738,4.2427233417727785e+39,3184899793878.313,646632.2190966592,1.0966221537312014e+43
0518,326831321580399.75,55137.91519220738,1.124289033720093e+40,2986496787575.317,668889.877234506,1.5891227301917317e+43
0519,326831321580399.75,55137.91519220738,1.7615352539564683e+40,2891979376341.5117,691913.6638317006,2.594172336120925e+43
0520,529451979097141.0,55137.91519220738,7.383692758942846e+40,1336566408625.6714,740366.0134130177,4.7688497238331145e+42
0521,583078673689622.1,53651.20397974041,7.295003105419485e+40,680278074235.6105,691913.6638317006,2.214227956725053e+42
0522,422725603917276.94,55137.91519220738,9.693730512428995e+39,4684875968766.25,564765.5608154068,2.44234274987149e+42
0523,371698759473522.7,55137.91519220738,5.017311299623202e+40,3740503579855.1514,604314.1632126757,1.0570494098600787e+43
0524,409347076302336.4,52204.57970602628,7.23563506473231e+40,2986496787575.317,715729.9497136263,8.791251896283922e+42
0525,480757418884944.3,53651.20397974041,4.3178749592966824e+40,2030297721130.8652,765850.0724140495,3.181081768415604e+42
0526,337513019616912.56,53651.20397974041,8.223555491160776e+38,3184899793878.313,668889.877234506,1.7566850642000472e+43
0527,512695747968727.56,53651.20397974041,3.6001965348938247e+40,1253305141158.283,646632.2190966592,3.806008695505091e+42
0528,396391955737937.4,53651.20397974041,5.599175042855408e+39,4119368615813.722,625115.1960956908,3.265349800968001e+42
0529,359935142432174.0,52204.57970602628,1.495801311335686e+40,4536607820492.515,584205.2955044999,4.252291974528761e+42
0530,496469822312222.06,55137.91519220738,1.4203028353400933e+40,1569729586402.6428,584205.2955044999,1.1079905013156197e+42
0531,337513019616912.56,53651.20397974041,3.8955732594890077e+40,3988997788326.376,625115.1960956908,8.586424139366258e+42
0532,496469822312222.06,56665.82417966015,8.16986844399558e+40,1380248876736.9033,625115.1960956908,1.572639273057107e+42
0533,348543823340088.1,53651.20397974041,1.7180249721342524e+40,3288990606564.976,646632.2190966592,1.2775577915780727e+43
0534,480757418884944.3,56665.82417966015,2.942025059422169e+40,1102019754406.6584,646632.2190966592,1.8579720847076462e+42
0535,480757418884944.3,56665.82417966015,8.796018455990976e+40,1425359001572.086,510242.17724234634,1.8790328827265235e+42
0536,496469822312222.06,53651.20397974041,4.393737612915372e+40,19916215435303.72,339945.2305545469,9.880441396939123e+42
0537,359935142432174.0,56665.82417966015,6.242114365664662e+40,3184899793878.313,646632.2190966592,1.4710393328850607e+43
0538,529451979097141.0,55137.91519220738,7.798451228815144e+39,1520050384515.9585,604314.1632126757,3.48535141386601e+42
0539,359935142432174.0,55137.91519220738,4.944717386059613e+40,3507489292637.443,668889.877234506,6.800909290947702e+42
0540,496469822312222.06,56665.82417966015,5.016148537745941e+40,1425359001572.086,646632.2190966592,1.8287836285610244e+42
0541,396391955737937.4,56665.82417966015,2.992000980288962e+40,3288990606564.976,646632.2190966592,9.48321877923715e+42
0542,496469822312222.06,52204.57970602628,4.479882133363918e+40,2309017203911.472,668889.877234506,1.3064051258153287e+42
0543,409347076302336.4,53651.20397974041,6.093068518283476e+40,2800453276219.6113,691913.6638317006,7.42230926707669e+42
0544,348543823340088.1,53651.20397974041,4.562423116661381e+40,3288990606564.976,668889.877234506,1.32214449107372e+43
0545,316487680644833.06,55137.91519220738,2.5744016315663296e+40,3622123169553.179,604314.1632126757,7.779486871622395e+42
0546,337513019616912.56,52204.57970602628,3.0723896548947164e+40,2800453276219.6113,691913.6638317006,2.0628519961038917e+43
0547,409347076302336.4,55137.91519220738,8.894311974407554e+40,3740503579855.1514,625115.1960956908,5.115812191643532e+42
0548,450808684738713.25,53651.20397974041,2.9170005503333007e+39,2711823817433.4067,668889.877234506,4.033230896626698e+42
0549,371698759473522.7,53651.20397974041,1.715427201126596e+40,4119368615813.722,604314.1632126757,9.139786171866533e+42
0550,409347076302336.4,53651.20397974041,6.23050232573765e+40,2542891030606.955,765850.0724140495,6.544029584048935e+42
0551,529451979097141.0,50796.96148686583,9.603592993422762e+40,1843567935364.6787,765850.0724140495,7.33140925512858e+41
0552,396391955737937.4,53651.20397974041,4.838559232372643e+40,2711823817433.4067,715729.9497136263,8.043777800961608e+42
0553,371698759473522.7,52204.57970602628,1.7990982878410132e+40,3740503579855.1514,625115.1960956908,4.532037203862581e+42
0554,396391955737937.4,52204.57970602628,3.6374104182739295e+40,2800453276219.6113,715729.9497136263,1.172859098548219e+43
0555,529451979097141.0,52204.57970602628,3.4627668348610218e+40,1033369546729.8458,715729.9497136263,2.519021301208163e+42
0556,512695747968727.56,53651.20397974041,1.7698370781907003e+40,908632396613.3987,584205.2955044999,5.302709690861372e+42
0557,396391955737937.4,53651.20397974041,9.034845051514448e+39,2462412967391.7036,715729.9497136263,5.285879839830993e+42
0558,409347076302336.4,55137.91519220738,3.369179372402859e+40,2096653133691.913,740366.0134130177,1.3875438451780728e+42
0559,326831321580399.75,56665.82417966015,7.393574989012509e+39,3288990606564.976,646632.2190966592,7.180112797067316e+42
0560,359935142432174.0,55137.91519220738,1.5986214110360963e+40,3288990606564.976,646632.2190966592,2.9913991600422246e+42
0561,326831321580399.75,59849.83358756864,3.0197662245338904e+40,3288990606564.976,646632.2190966592,8.936866368614428e+42
0562,480757418884944.3,56665.82417966015,1.5222486182833744e+40,2096653133691.913,527805.1684035911,5.4870244427891516e+41
0563,436541376626919.4,59849.83358756864,6.727521923960785e+40,1785222227641.4202,715729.9497136263,9.139421290302798e+41
0564,316487680644833.06,58236.072560356355,3.997464994749051e+40,3084103273751.8486,646632.2190966592,1.4810865097874635e+43
0565,316487680644833.06,56665.82417966015,1.156862540576412e+40,3184899793878.313,691913.6638317006,9.038408773940621e+42
0566,496469822312222.06,56665.82417966015,1.0380156826622834e+41,1175230625815.9944,691913.6638317006,1.41522118900685e+42
0567,480757418884944.3,56665.82417966015,2.3809707798816306e+40,938328867685.6477,584205.2955044999,2.7808050746201727e+42
0568,480757418884944.3,56665.82417966015,2.1132304747532178e+40,1621032433877.157,476850.00108219223,9.44285330886315e+41
0569,436541376626919.4,58236.072560356355,5.898571143844296e+40,2096653133691.913,430814.1282887437,4.521873797211153e+42
0570,296772113009551.75,58236.072560356355,3.1909257902322384e+38,2891979376341.5117,691913.6638317006,1.80495800415515e+43
0571,260949006234250.75,58236.072560356355,5.983380332621177e+39,2711823817433.4067,715729.9497136263,1.8371571617531356e+43
0572,278284724639857.44,56665.82417966015,7.767335504190533e+39,3396483377864.7783,646632.2190966592,1.2397237486306724e+43
0573,465542285604540.44,58236.072560356355,2.1545457867403009e+40,1253305141158.283,646632.2190966592,1.8412354563297293e+42
0574,326831321580399.75,59849.83358756864,1.6160362817235042e+40,3288990606564.976,668889.877234506,9.248850701864008e+42
0575,371698759473522.7,58236.072560356355,4.607835040282987e+39,2986496787575.317,668889.877234506,3.9922865372863437e+42
0576,529451979097141.0,55137.91519220738,6.387739045377147e+40,1213640220733.4148,668889.877234506,1.4439215333400635e+42
0577,546755847460193.56,53651.20397974041,2.8815978124191847e+41,543148332835.2403,646632.2190966592,3.5279247158262175e+41
0578,546755847460193.56,53651.20397974041,3.078097853893563e+41,579231499758.8727,510242.17724234634,1.1379455170742771e+42
0579,450808684738713.25,59849.83358756864,6.755796695782722e+40,2309017203911.472,430814.1282887437,4.1828688538595644e+42
0580,436541376626919.4,59849.83358756864,4.085592103754906e+40,1102019754406.6584,430814.1282887437,1.5833259407717137e+42
0581,409347076302336.4,58236.072560356355,1.5398632030838126e+40,1520050384515.9585,691913.6638317006,2.7590544257678965e+42
0582,422725603917276.94,61508.313026213116,2.682689681391303e+40,525958636014.15985,691913.6638317006,7.886946879622526e+41
0583,480757418884944.3,58236.072560356355,5.2771313212408585e+40,294814000000.0001,584205.2955044999,1.923642485393e+42
0584,269477498772982.75,58236.072560356355,1.4072714136906458e+40,3622123169553.179,604314.1632126757,7.224863720519271e+42
0585,371698759473522.7,58236.072560356355,2.4314339900844757e+40,2384481894425.3154,691913.6638317006,4.483598827005863e+42
0586,260949006234250.75,63212.75005376855,2.3370701259753263e+40,2800453276219.6113,691913.6638317006,1.3084610591753592e+43
0587,260949006234250.75,61508.313026213116,3.7982272074917907e+40,2542891030606.955,691913.6638317006,1.3201364230233164e+43
0588,465542285604540.44,58236.072560356355,1.8463528077952817e+41,1175230625815.9944,668889.877234506,2.4908065404584857e+42
0589,422725603917276.94,63212.75005376855,4.807324096843379e+40,852029234573.9205,584205.2955044999,3.2701970422876486e+42
0590,326831321580399.75,61508.313026213116,2.638917993242729e+40,2800453276219.6113,691913.6638317006,8.614521073748745e+42
0591,278284724639857.44,59849.83358756864,4.750128320722906e+39,3396483377864.7783,668889.877234506,1.4584865801683294e+43
0592,287379793565330.1,59849.83358756864,2.4218807246930905e+40,2462412967391.7036,715729.9497136263,3.1467758820112565e+43
0593,371698759473522.7,64964.418186161216,4.680046310367418e+40,1213640220733.4148,668889.877234506,1.1037535686882352e+43
0594,359935142432174.0,61508.313026213116,1.4320136148885695e+40,1033369546729.8458,564765.5608154068,7.99861615796076e+42
0595,252690425600276.66,66764.62622930667,2.0531856733909749e+40,2711823817433.4067,715729.9497136263,9.497869565074612e+42
0596,296772113009551.75,66764.62622930667,2.9010692390247914e+40,1067142752446.2457,765850.0724140495,7.647323146901705e+42
0597,222188381437239.4,63212.75005376855,5.25833753193259e+39,4393032100351.1543,584205.2955044999,2.8139092455137844e+42
0598,326831321580399.75,66764.62622930667,7.558509038610175e+39,1380248876736.9033,584205.2955044999,3.431019686907645e+41
0599,269477498772982.75,66764.62622930667,4.677172858043011e+39,3622123169553.179,625115.1960956908,5.783713643729416e+42
0600,409347076302336.4,61508.313026213116,1.0290561330950823e+41,1336566408625.6714,625115.1960956908,1.3032920322517014e+42
0601,383846842129873.5,64964.418186161216,5.902728563540779e+39,725471230180.6859,564765.5608154068,7.945658295899754e+41
0602,236949101430692.06,63212.75005376855,5.3503095642746354e+39,2800453276219.6113,691913.6638317006,1.4734704740388182e+43
0603,287379793565330.1,64964.418186161216,6.60432705117993e+39,2625999326339.922,715729.9497136263,1.0426625530005196e+43
0604,348543823340088.1,63212.75005376855,2.2219373307766957e+40,968995896705.6782,691913.6638317006,2.5249725285137643e+42
0605,396391955737937.4,59849.83358756864,8.032062622351274e+40,525958636014.15985,625115.1960956908,1.4015352288946876e+42
0606,396391955737937.4,63212.75005376855,3.5116652253843845e+40,3396483377864.7783,819479.9360447068,1.8910771165654425e-12
0607,409347076302336.4,61508.313026213116,1.3311045068026352e+40,1294266414394.6626,460982.5695836015,2.5624920639523815e+42
0608,396391955737937.4,64964.418186161216,2.440417526795605e+40,1569729586402.6428,445643.1351108912,4.289888078186962e+42
0609,436541376626919.4,59849.83358756864,6.56192841117178e+40,908632396613.3987,445643.1351108912,1.8681984556896536e+42
0610,287379793565330.1,61508.313026213116,2.388557912535687e+40,3184899793878.313,668889.877234506,1.3189102185263016e+43
0611,422725603917276.94,61508.313026213116,3.096662885352756e+40,1294266414394.6626,668889.877234506,3.238481399541693e+42
0612,260949006234250.75,61508.313026213116,6.232145969371331e+38,3396483377864.7783,646632.2190966592,9.37158143420257e+42
0613,383846842129873.5,59849.83358756864,4.8185484009584576e+39,1380248876736.9033,847687.1668764589,4.552409893282322e+42
0614,337513019616912.56,59849.83358756864,1.1627263451768405e+40,1728723059741.5186,847687.1668764589,6.355787356196636e+42
0615,359935142432174.0,63212.75005376855,2.6918073336405985e+40,879875767023.7208,765850.0724140495,8.325757044069244e+42
0616,348543823340088.1,61508.313026213116,1.1681371873286585e+40,1175230625815.9944,847687.1668764589,2.1667845842328545e+42
0617,229450075898644.53,64964.418186161216,9.683234048260533e+39,3396483377864.7783,625115.1960956908,9.303770552164725e+42
0618,348543823340088.1,63212.75005376855,2.3418663457002938e+39,938328867685.6477,792211.3154718872,1.1187966200227006e+43
0619,371698759473522.7,61508.313026213116,1.2256233572316134e+40,1471943442667.867,691913.6638317006,2.02209866155551e+42
0620,260949006234250.75,63212.75005376855,6.850108651525281e+38,3507489292637.443,584205.2955044999,3.747640208323271e+42
0621,252690425600276.66,64964.418186161216,5.137475007031243e+39,4393032100351.1543,584205.2955044999,4.013598459367306e+42
0622,252690425600276.66,63212.75005376855,4.2198200364060935e+39,3288990606564.976,625115.1960956908,7.471148401882866e+42
0623,383846842129873.5,63212.75005376855,7.5840966930134e+39,1067142752446.2457,715729.9497136263,3.3456997402011896e+42
0624,244693214630330.4,66764.62622930667,4.2170167472800993e+40,3507489292637.443,646632.2190966592,1.013191667355079e+43
0625,371698759473522.7,61508.313026213116,5.324420444044153e+38,1621032433877.157,604314.1632126757,3.330081013457507e+42
0626,269477498772982.75,63212.75005376855,2.227677301957859e+40,3184899793878.313,691913.6638317006,1.392204914159647e+43
0627,269477498772982.75,61508.313026213116,1.492878934966641e+40,4119368615813.722,584205.2955044999,3.6686940140771044e+42
0628,229450075898644.53,64964.418186161216,1.0807312991329464e+40,3862752970003.271,604314.1632126757,4.8818638913430287e+42
0629,383846842129873.5,61508.313026213116,1.9405254787949995e+40,1966042341572.603,564765.5608154068,1.9014944912537644e+42
0630,236949101430692.06,64964.418186161216,1.0412304275738942e+40,3184899793878.313,625115.1960956908,1.5615269765107338e+43
0631,222188381437239.4,66764.62622930667,2.207709013042761e+40,3084103273751.8486,668889.877234506,1.3318660402924706e+43
0632,229450075898644.53,63212.75005376855,1.131963321233746e+40,3084103273751.8486,691913.6638317006,1.7125981551979608e+43
0633,208347178983248.0,63212.75005376855,6.02924383249572e+39,2800453276219.6113,691913.6638317006,2.1113712526709954e+43
0634,326831321580399.75,63212.75005376855,4.623296554777745e+38,1175230625815.9944,646632.2190966592,5.811165555133505e+42
0635,287379793565330.1,64964.418186161216,9.165919245372741e+39,2030297721130.8652,740366.0134130177,2.7777771521182484e+42
0636,236949101430692.06,63212.75005376855,1.6039510686768382e+40,4254000301181.0786,564765.5608154068,2.75963758925575e+42
0637,359935142432174.0,63212.75005376855,6.7377741624346e+39,1520050384515.9585,564765.5608154068,5.173509304986833e+41
0638,348543823340088.1,64964.418186161216,1.666225334749255e+40,1471943442667.867,792211.3154718872,2.804630802143379e+42
0639,236949101430692.06,63212.75005376855,5.917162741995561e+38,2891979376341.5117,625115.1960956908,1.1269890274960867e+43
0640,236949101430692.06,64964.418186161216,2.203331528493156e+40,4119368615813.722,584205.2955044999,6.959499363845423e+42
0641,409347076302336.4,61508.313026213116,4.8626788210773103e+39,1621032433877.157,584205.2955044999,1.2094502114941765e+42
0642,348543823340088.1,63212.75005376855,2.460753014278059e+40,1903820532637.6072,765850.0724140495,8.511749255861432e+41
0643,337513019616912.56,59849.83358756864,4.665380422759342e+40,2384481894425.3154,740366.0134130177,1.2648530836651993e+42
0644,296772113009551.75,58236.072560356355,1.3191544305418702e+40,3396483377864.7783,646632.2190966592,4.707455355202342e+42
0645,260949006234250.75,59849.83358756864,2.37326509271332e+40,3622123169553.179,604314.1632126757,5.880616597648318e+42
0646,326831321580399.75,61508.313026213116,6.270374074914676e+40,3084103273751.8486,646632.2190966592,5.108482759147019e+42
0647,269477498772982.75,56665.82417966015,2.6769381680902027e+40,3288990606564.976,625115.1960956908,6.308282194254533e+42
0648,409347076302336.4,58236.072560356355,8.8744749005428e+40,1621032433877.157,765850.0724140495,2.399237941881281e+42
0649,306471397892951.3,58236.072560356355,5.301586722753758e+38,3288990606564.976,668889.877234506,1.0491060801618506e+43
0650,278284724639857.44,59849.83358756864,1.6009944572803007e+40,3862752970003.271,604314.1632126757,6.489837836165483e+42
0651,422725603917276.94,59849.83358756864,9.983303838625838e+40,1785222227641.4202,584205.2955044999,2.1182491415270433e+42
0652,348543823340088.1,58236.072560356355,8.862326586472728e+39,2542891030606.955,691913.6638317006,6.279314805449576e+42
0653,269477498772982.75,56665.82417966015,1.755039609456761e+40,3396483377864.7783,625115.1960956908,9.681294679695957e+42
0654,287379793565330.1,55137.91519220738,9.041231133229168e+39,2986496787575.317,691913.6638317006,1.6283324177808314e+43
0655,278284724639857.44,55137.91519220738,9.928279969849441e+39,2986496787575.317,625115.1960956908,1.105139699070529e+43
0656,436541376626919.4,55137.91519220738,2.683129505753277e+40,1674011991902.1965,584205.2955044999,5.598706358278319e+42
0657,296772113009551.75,56665.82417966015,7.777840195863092e+39,3507489292637.443,646632.2190966592,6.115415670490247e+42
0658,359935142432174.0,56665.82417966015,4.370417045724674e+40,2165177213798.77,765850.0724140495,5.441944296442346e+42
0659,278284724639857.44,58236.072560356355,4.436367096042528e+40,3396483377864.7783,584205.2955044999,1.1030665734160224e+43
0660,409347076302336.4,59849.83358756864,3.793538660341603e+40,1520050384515.9585,564765.5608154068,2.10471081735181e+42
0661,409347076302336.4,58236.072560356355,1.8618343199182668e+40,1336566408625.6714,476850.00108219223,4.4275593753393145e+42
0662,436541376626919.4,58236.072560356355,3.278026181649449e+39,1621032433877.157,445643.1351108912,1.7079050491561692e+42
0663,278284724639857.44,56665.82417966015,1.341308703404016e+40,2800453276219.6113,691913.6638317006,1.1803773872124194e+43
0664,222188381437239.4,59849.83358756864,2.541518123629725e+39,3507489292637.443,604314.1632126757,8.684751544390867e+42
0665,222188381437239.4,61508.313026213116,2.8475477070176795e+39,4119368615813.722,545972.6933965883,9.687698335730993e+41
0666,348543823340088.1,61508.313026213116,2.527984928672099e+40,2462412967391.7036,668889.877234506,5.662551333693298e+41
0667,260949006234250.75,59849.83358756864,4.4705669052297913e+39,3507489292637.443,604314.1632126757,6.227337866687506e+42
0668,296772113009551.75,59849.83358756864,4.2451636799262686e+40,4254000301181.0786,604314.1632126757,3.795583859409042e+42
0669,371698759473522.7,59849.83358756864,6.547757449106893e+40,1471943442667.867,765850.0724140495,9.446843220575969e+42
0670,359935142432174.0,59849.83358756864,2.5327208323400377e+39,1520050384515.9585,765850.0724140495,1.658233889767405e+42
0671,337513019616912.56,58236.072560356355,3.883233033076558e+40,2165177213798.77,740366.0134130177,2.0233602593017875e+42
0672,316487680644833.06,59849.83358756864,3.269617283605026e+40,2711823817433.4067,691913.6638317006,3.717885549260102e+42
0673,236949101430692.06,59849.83358756864,1.5509748801552136e+39,3288990606564.976,646632.2190966592,1.2872457001774898e+43
0674,260949006234250.75,58236.072560356355,1.1303152081364526e+40,2986496787575.317,646632.2190966592,1.1676883485321107e+43
0675,244693214630330.4,59849.83358756864,9.620554807829755e+39,3507489292637.443,646632.2190966592,8.744358755484255e+42
0676,278284724639857.44,58236.072560356355,3.163987930719753e+39,3396483377864.7783,646632.2190966592,3.6014636967531665e+42
0677,269477498772982.75,58236.072560356355,2.2188773317983617e+39,2986496787575.317,691913.6638317006,6.698215245440201e+42
0678,229450075898644.53,56665.82417966015,1.2717196801463188e+40,4254000301181.0786,564765.5608154068,6.924508217963126e+42
0679,371698759473522.7,56665.82417966015,1.1268604519908612e+40,1903820532637.6072,545972.6933965883,1.7224800114216176e+42
0680,383846842129873.5,56665.82417966015,2.610490937577181e+40,1843567935364.6787,691913.6638317006,1.3375079877214068e+42
0681,260949006234250.75,55137.91519220738,6.121715810804035e+39,3084103273751.8486,668889.877234506,6.675940542186116e+42
0682,244693214630330.4,58236.072560356355,2.79301896888749e+40,2711823817433.4067,691913.6638317006,7.755223345183692e+42
0683,252690425600276.66,56665.82417966015,3.3611211703398273e+40,3988997788326.376,584205.2955044999,8.984333953368447e+41
0684,252690425600276.66,56665.82417966015,1.3270946319545651e+40,3740503579855.1514,604314.1632126757,2.7719377592133577e+41
0685,337513019616912.56,59849.83358756864,4.0467436072492845e+40,1380248876736.9033,715729.9497136263,1.0390872165710259e+42
0686,269477498772982.75,59849.83358756864,8.416984399399681e+39,2165177213798.77,715729.9497136263,6.558159375030406e+42
0687,326831321580399.75,56665.82417966015,4.672161275974274e+40,825063996277.8367,691913.6638317006,1.645971668705957e+42
0688,229450075898644.53,63212.75005376855,2.4921827976152627e+40,4536607820492.515,564765.5608154068,3.2234948082107205e+42
0689,337513019616912.56,56665.82417966015,5.26257010704809e+40,1175230625815.9944,765850.0724140495,6.066654788112047e+42
0690,252690425600276.66,59849.83358756864,9.219953536660457e+39,2800453276219.6113,691913.6638317006,3.901097133438001e+42
0691,287379793565330.1,59849.83358756864,3.34789069676215e+40,1785222227641.4202,792211.3154718872,2.378417935639576e+42
0692,316487680644833.06,58236.072560356355,1.7600154776093296e+40,637900221309.1887,765850.0724140495,2.2407852074065438e+42
0693,236949101430692.06,63212.75005376855,5.81310396885409e+39,2800453276219.6113,668889.877234506,3.381051036894385e+42
0694,252690425600276.66,63212.75005376855,2.281945721542509e+40,2986496787575.317,646632.2190966592,2.9550542011265074e+42
0695,278284724639857.44,63212.75005376855,2.4920547106425255e+40,2800453276219.6113,584205.2955044999,1.473021455639539e+42
0696,306471397892951.3,61508.313026213116,9.476712152310052e+39,1425359001572.086,668889.877234506,1.4782033910388943e+42
0697,252690425600276.66,64964.418186161216,2.1740981522014855e+40,2384481894425.3154,740366.0134130177,2.766793074927395e+42
0698,222188381437239.4,63212.75005376855,1.3008600176719967e+40,2711823817433.4067,691913.6638317006,7.997398977572033e+42
0699,260949006234250.75,68614.71925701875,2.2030465244767655e+40,1380248876736.9033,691913.6638317006,1.7969900340785556e+42
0700,236949101430692.06,64964.418186161216,1.5843876785181268e+40,1843567935364.6787,765850.0724140495,3.991163400073492e+42
0701,269477498772982.75,66764.62622930667,6.619423969107307e+39,798952160713.5629,691913.6638317006,4.603750981848207e+42
0702,244693214630330.4,63212.75005376855,1.6498352134135874e+40,2235940839149.9287,715729.9497136263,5.821397474911703e+42
0703,306471397892951.3,64964.418186161216,1.1972541609791025e+39,852029234573.9205,691913.6638317006,1.5361703054810483e+42
0704,222188381437239.4,64964.418186161216,8.288086951678475e+39,3184899793878.313,646632.2190966592,1.1274608802330604e+42
0705,189185149842584.28,66764.62622930667,6.918727014876204e+39,3288990606564.976,604314.1632126757,5.952160302349136e+42
0706,326831321580399.75,61508.313026213116,6.200400634920596e+39,1425359001572.086,584205.2955044999,2.0236091288038015e+42
0707,236949101430692.06,64964.418186161216,1.651171163251594e+40,3622123169553.179,564765.5608154068,7.269236390248279e+42
0708,195368212817820.12,68614.71925701875,1.8955078989523377e+40,3084103273751.8486,625115.1960956908,1.0257577431214669e+43
0709,306471397892951.3,58236.072560356355,4.317001681968111e+40,2165177213798.77,740366.0134130177,2.950649521071046e+42
0710,222188381437239.4,64964.418186161216,1.6227154261943575e+40,3084103273751.8486,625115.1960956908,7.115334892587305e+42
0711,208347178983248.0,63212.75005376855,6.1602890325071e+39,3622123169553.179,604314.1632126757,2.952687500908537e+42
0712,252690425600276.66,61508.313026213116,2.860835055172236e+40,3084103273751.8486,668889.877234506,5.135851997384548e+42
0713,316487680644833.06,61508.313026213116,1.3163589000551806e+40,1175230625815.9944,792211.3154718872,1.6941757836665574e+42
0714,244693214630330.4,61508.313026213116,2.426923967879022e+40,2800453276219.6113,646632.2190966592,7.298640132930152e+42
0715,208347178983248.0,63212.75005376855,9.059078871837398e+39,2462412967391.7036,668889.877234506,1.4031850879161714e+43
0716,278284724639857.44,59849.83358756864,8.198565470931987e+39,3740503579855.1514,584205.2955044999,1.4078297589211237e+42
0717,337513019616912.56,61508.313026213116,8.249418499550137e+39,2165177213798.77,527805.1684035911,2.8916286800068747e+41
0718,236949101430692.06,56665.82417966015,2.870758694278953e+40,3084103273751.8486,625115.1960956908,8.061898904726933e+42
0719,326831321580399.75,59849.83358756864,1.210524400808977e+40,1253305141158.283,740366.0134130177,1.0206944145577641e+42
0720,359935142432174.0,59849.83358756864,3.19136468015664e+40,617711792580.77,691913.6638317006,1.0653083811826667e+42
0721,215156506932285.7,59849.83358756864,5.261523260046784e+39,2891979376341.5117,646632.2190966592,1.0773175128418323e+43
0722,287379793565330.1,61508.313026213116,2.1586127014730024e+40,1674011991902.1965,646632.2190966592,1.2696326193676546e+42
0723,296772113009551.75,58236.072560356355,4.1093864985036433e+40,2309017203911.472,646632.2190966592,1.2596439563358198e+42
0724,201753354380024.28,59849.83358756864,1.3060850324209497e+40,3288990606564.976,625115.1960956908,5.979306441164463e+42
0725,195368212817820.12,59849.83358756864,6.090972654385084e+39,3184899793878.313,625115.1960956908,8.493928014284215e+42
0726,269477498772982.75,64964.418186161216,4.510910315486833e+40,2030297721130.8652,668889.877234506,3.334267229704808e+42
0727,201753354380024.28,63212.75005376855,5.898652683302444e+39,2891979376341.5117,646632.2190966592,9.243838063430415e+42
0728,183197770019712.28,63212.75005376855,1.1183426003180643e+40,3396483377864.7783,604314.1632126757,5.2121081265624505e+42
0729,252690425600276.66,63212.75005376855,3.4730901599822596e+40,1569729586402.6428,765850.0724140495,2.863036915988424e+42
0730,287379793565330.1,63212.75005376855,1.7804040655659302e+40,702511331852.1321,792211.3154718872,5.092916555386414e+41
0731,260949006234250.75,61508.313026213116,1.4088888611851225e+40,2986496787575.317,625115.1960956908,7.613769448020836e+41
0732,189185149842584.28,66764.62622930667,1.0910161657365923e+40,2986496787575.317,646632.2190966592,7.741447520728204e+42
0733,326831321580399.75,59849.83358756864,4.106707392958842e+40,1067142752446.2457,646632.2190966592,1.9028776546646736e+42
0734,306471397892951.3,64964.418186161216,2.3858622367005325e+40,1843567935364.6787,460982.5695836015,2.5706953349629872e+42
0735,306471397892951.3,63212.75005376855,1.0614460626524886e+40,1425359001572.086,792211.3154718872,2.3368129670852408e+42
0736,316487680644833.06,63212.75005376855,3.0802268261591075e+40,560899833677.7144,765850.0724140495,1.191508387624299e+42
0737,337513019616912.56,61508.313026213116,3.6021503581565744e+40,5328016230076.534,792211.3154718872,4.85686686482055e-07
0738,337513019616912.56,58236.072560356355,2.7972440546026427e+40,1253305141158.283,765850.0724140495,7.64331606350756e+41
0739,208347178983248.0,61508.313026213116,1.3438880630796255e+39,2800453276219.6113,646632.2190966592,1.0233632447125442e+43
0740,326831321580399.75,61508.313026213116,4.615099201001827e+40,1520050384515.9585,584205.2955044999,2.900369457933068e+42
0741,316487680644833.06,59849.83358756864,4.3510811197528084e+40,1728723059741.5186,476850.00108219223,1.2699802192192294e+42
0742,252690425600276.66,59849.83358756864,1.1318115512770327e+40,3507489292637.443,584205.2955044999,2.995771350377215e+42
0743,316487680644833.06,58236.072560356355,1.8230570323312559e+40,1785222227641.4202,691913.6638317006,5.3813051792227036e+41
0744,316487680644833.06,56665.82417966015,2.0457994014376255e+40,1843567935364.6787,765850.0724140495,2.7839863329874698e+42
0745,359935142432174.0,58236.072560356355,7.076090681205884e+39,798952160713.5629,740366.0134130177,1.8004018351168147e+42
0746,229450075898644.53,58236.072560356355,1.0753667167758142e+40,3184899793878.313,604314.1632126757,4.7886524070517587e+42
0747,316487680644833.06,56665.82417966015,1.2255692725757463e+40,3184899793878.313,604314.1632126757,2.457030108036777e+42
0748,396391955737937.4,58236.072560356355,9.44034676441605e+40,1336566408625.6714,604314.1632126757,3.0489872967516e+41
0749,296772113009551.75,56665.82417966015,3.2036208195907486e+39,2986496787575.317,625115.1960956908,8.958228097883925e+42
0750,252690425600276.66,56665.82417966015,3.321395153834636e+40,3288990606564.976,564765.5608154068,3.703002108960302e+42
0751,287379793565330.1,55137.91519220738,1.717874163982401e+40,3988997788326.376,564765.5608154068,4.096062449520442e+42
0752,316487680644833.06,53651.20397974041,1.2041290772528127e+40,4254000301181.0786,564765.5608154068,1.7490673901706966e+42
0753,278284724639857.44,53651.20397974041,3.7972360275069486e+40,3622123169553.179,564765.5608154068,4.282948681405121e+42
0754,229450075898644.53,58236.072560356355,8.339032228496188e+39,2891979376341.5117,584205.2955044999,4.595792973398705e+42
0755,236949101430692.06,53651.20397974041,3.285042946430269e+40,3184899793878.313,584205.2955044999,4.49453555563114e+42
0756,215156506932285.7,56665.82417966015,2.3876508062579903e+40,3507489292637.443,564765.5608154068,2.539093767108463e+42
0757,222188381437239.4,56665.82417966015,7.757677281591152e+39,2384481894425.3154,625115.1960956908,5.4095664808126885e+42
0758,409347076302336.4,53651.20397974041,2.337536371908333e+40,1000665204032.711,625115.1960956908,1.1640480297078603e+42
0759,409347076302336.4,56665.82417966015,2.1263246816657008e+40,433661061020.06433,604314.1632126757,3.528508882017568e+41
0760,348543823340088.1,53651.20397974041,3.87885650646425e+40,2165177213798.77,646632.2190966592,1.1567888443546587e+42
0761,244693214630330.4,56665.82417966015,1.8366745705674327e+40,3184899793878.313,625115.1960956908,5.681593223845404e+42
0762,348543823340088.1,55137.91519220738,7.552956592368641e+39,1425359001572.086,604314.1632126757,1.6160401198504715e+42
0763,278284724639857.44,55137.91519220738,7.69863304213862e+39,2462412967391.7036,691913.6638317006,4.8755097222872665e+42
0764,359935142432174.0,53651.20397974041,1.4843343436629153e+40,1138036627544.5293,668889.877234506,1.5534405864267254e+42
0765,215156506932285.7,55137.91519220738,2.0805252709387637e+40,2986496787575.317,668889.877234506,7.416764618193236e+42
0766,208347178983248.0,56665.82417966015,1.524727383814339e+40,3396483377864.7783,625115.1960956908,3.98998586826431e+42
0767,229450075898644.53,55137.91519220738,8.581550884143478e+39,3396483377864.7783,625115.1960956908,4.248455139858692e+42
0768,201753354380024.28,53651.20397974041,5.021315463674765e+39,3184899793878.313,668889.877234506,3.979121361869183e+42
0769,229450075898644.53,55137.91519220738,2.895728423834997e+40,2891979376341.5117,668889.877234506,4.1220824590389125e+42
0770,287379793565330.1,55137.91519220738,2.274826019138555e+40,1213640220733.4148,646632.2190966592,7.771656036773798e+41
0771,222188381437239.4,56665.82417966015,2.7223532104206554e+40,3507489292637.443,584205.2955044999,2.157725635251805e+42
0772,244693214630330.4,55137.91519220738,2.1688154440557355e+40,2711823817433.4067,668889.877234506,5.346782463277146e+42
0773,296772113009551.75,53651.20397974041,5.122379376356568e+40,2030297721130.8652,715729.9497136263,1.537730935783165e+42
0774,229450075898644.53,53651.20397974041,9.79608544903058e+39,3288990606564.976,604314.1632126757,7.897167413781915e+42
0775,208347178983248.0,55137.91519220738,2.3430274564538253e+40,3184899793878.313,604314.1632126757,9.00901905932432e+42
0776,183197770019712.28,55137.91519220738,1.3931067805544067e+40,2625999326339.922,668889.877234506,9.816414359780827e+42
0777,269477498772982.75,55137.91519220738,7.852451520874243e+39,2891979376341.5117,584205.2955044999,4.02566874491854e+42
0778,306471397892951.3,58236.072560356355,5.141088807407282e+40,1336566408625.6714,564765.5608154068,1.0559593298473012e+42
0779,236949101430692.06,56665.82417966015,1.3721601392121118e+40,3084103273751.8486,584205.2955044999,3.194106317344035e+42
0780,177399880318941.1,59849.83358756864,3.45688043825493e+39,2711823817433.4067,625115.1960956908,8.295534772041108e+42
0781,208347178983248.0,58236.072560356355,6.076530303572902e+39,2986496787575.317,625115.1960956908,6.0962123976365e+42
0782,215156506932285.7,55137.91519220738,2.6856588713750945e+40,3288990606564.976,604314.1632126757,3.538090274369389e+42
0783,195368212817820.12,58236.072560356355,2.3772409428391564e+40,3622123169553.179,584205.2955044999,4.847255542658113e+42
0784,222188381437239.4,55137.91519220738,1.9301099629244407e+40,4536607820492.515,545972.6933965883,1.2472742778318343e+42
0785,348543823340088.1,56665.82417966015,4.23910047991518e+40,2096653133691.913,545972.6933965883,2.794425741416125e+41
0786,371698759473522.7,55137.91519220738,2.6791112132290864e+40,938328867685.6477,545972.6933965883,1.186431126319636e+41
0787,208347178983248.0,59849.83358756864,6.770656517495358e+39,3507489292637.443,564765.5608154068,2.6498906552548864e+42
0788,171785483708608.12,61508.313026213116,8.46098277965688e+39,3396483377864.7783,564765.5608154068,1.893411460135703e+42
0789,183197770019712.28,58236.072560356355,9.583952148969104e+39,3396483377864.7783,584205.2955044999,2.2416548436252864e+42
0790,195368212817820.12,56665.82417966015,7.720460543598864e+39,3396483377864.7783,604314.1632126757,5.038505586746269e+42
0791,269477498772982.75,55137.91519220738,1.7207856363832857e+40,2462412967391.7036,646632.2190966592,1.6392691800068604e+42
0792,195368212817820.12,58236.072560356355,5.903868178261569e+39,3288990606564.976,584205.2955044999,4.9500200408655946e+42
0793,306471397892951.3,58236.072560356355,2.4155372088839126e+40,1785222227641.4202,564765.5608154068,1.6060395984425133e+42
0794,201753354380024.28,56665.82417966015,7.454011936136333e+39,2800453276219.6113,646632.2190966592,4.060098936329776e+42
0795,166348772952636.78,58236.072560356355,3.667195847026934e+39,2891979376341.5117,625115.1960956908,5.413675089673386e+42
0796,161084124603837.34,58236.072560356355,7.908663911717618e+39,2711823817433.4067,646632.2190966592,6.219437602427756e+42
0797,161084124603837.34,58236.072560356355,2.821757033704041e+39,2800453276219.6113,646632.2190966592,7.225527712812072e+42
0798,201753354380024.28,56665.82417966015,1.2858159104357432e+40,2711823817433.4067,668889.877234506,6.177857612231783e+42
0799,195368212817820.12,56665.82417966015,6.393581307716043e+39,4254000301181.0786,545972.6933965883,1.1139802997257763e+42
0800,195368212817820.12,56665.82417966015,3.970146963881425e+39,3288990606564.976,604314.1632126757,5.656776770727759e+42
0801,337513019616912.56,55137.91519220738,6.152986113908155e+40,1674011991902.1965,584205.2955044999,1.646799929747167e+42
0802,208347178983248.0,56665.82417966015,6.910329350480297e+39,2891979376341.5117,625115.1960956908,1.3915057834759727e+43
0803,201753354380024.28,58236.072560356355,1.542083231028911e+40,2986496787575.317,691913.6638317006,6.214797733906518e+42
0804,161084124603837.34,59849.83358756864,5.003374693149572e+39,2891979376341.5117,646632.2190966592,8.026312564255313e+42
0805,189185149842584.28,56665.82417966015,1.9768889895167077e+40,3288990606564.976,604314.1632126757,5.10056333255124e+42
0806,326831321580399.75,56665.82417966015,1.259807826648383e+40,1471943442667.867,604314.1632126757,8.86700604781728e+41
0807,260949006234250.75,58236.072560356355,1.7564770904252937e+40,3396483377864.7783,584205.2955044999,1.262040573556021e+42
0808,215156506932285.7,56665.82417966015,2.381799627692793e+40,3396483377864.7783,584205.2955044999,4.998630471783341e+42
0809,177399880318941.1,59849.83358756864,1.9046847436666969e+40,3184899793878.313,604314.1632126757,4.946567291262738e+42
0810,171785483708608.12,58236.072560356355,5.608671911409402e+39,3740503579855.1514,564765.5608154068,3.0280166285951214e+42
0811,195368212817820.12,56665.82417966015,1.0304438734554365e+40,3507489292637.443,584205.2955044999,6.647208311999665e+42
0812,215156506932285.7,55137.91519220738,8.226746899763341e+39,2462412967391.7036,715729.9497136263,6.409885095956639e+42
0813,195368212817820.12,53651.20397974041,2.1061872474784911e+40,3862752970003.271,584205.2955044999,2.1299116132433492e+42
0814,236949101430692.06,52204.57970602628,2.994150618920078e+40,3084103273751.8486,625115.1960956908,8.489435855264376e+42
0815,244693214630330.4,55137.91519220738,1.9721723958750453e+40,3288990606564.976,625115.1960956908,1.6761009545568208e+42
0816,189185149842584.28,55137.91519220738,2.1158222135437819e+40,3288990606564.976,625115.1960956908,4.854347075292428e+42
0817,189185149842584.28,53651.20397974041,1.292550465565149e+40,3084103273751.8486,604314.1632126757,6.779388229293169e+42
0818,189185149842584.28,56665.82417966015,6.02536117865441e+39,3862752970003.271,584205.2955044999,4.170050583430619e+42
0819,177399880318941.1,53651.20397974041,8.416561007262849e+39,3396483377864.7783,604314.1632126757,6.947651298401816e+42
0820,229450075898644.53,53651.20397974041,1.0559545040644565e+40,2891979376341.5117,646632.2190966592,5.126028628182766e+42
0821,201753354380024.28,55137.91519220738,1.2858084558994324e+40,3084103273751.8486,646632.2190966592,8.468306247700739e+42
0822,306471397892951.3,55137.91519220738,5.449577429497771e+40,1621032433877.157,625115.1960956908,3.566750558967705e+42
0823,316487680644833.06,55137.91519220738,2.065478370356673e+40,1253305141158.283,545972.6933965883,2.517043578080643e+42
0824,229450075898644.53,55137.91519220738,1.3574091935232389e+40,1966042341572.603,740366.0134130177,2.9599722239977864e+42
0825,177399880318941.1,59849.83358756864,8.052367546280964e+39,3288990606564.976,646632.2190966592,5.4891236399552005e+42
0826,189185149842584.28,56665.82417966015,6.214661195725486e+39,2462412967391.7036,691913.6638317006,8.7025173086146e+42
0827,146268955496099.66,59849.83358756864,1.1043973078231052e+40,2800453276219.6113,691913.6638317006,6.30769634350665e+42
0828,244693214630330.4,59849.83358756864,7.303821563329662e+39,2711823817433.4067,625115.1960956908,6.096448342366158e+41
0829,195368212817820.12,58236.072560356355,1.6961225565001184e+40,2542891030606.955,691913.6638317006,9.066218083042063e+42
0830,296772113009551.75,59849.83358756864,1.0651025575511416e+40,1253305141158.283,668889.877234506,3.0419038735685113e+42
0831,269477498772982.75,56665.82417966015,1.9654204535522432e+40,1966042341572.603,715729.9497136263,1.9836131647446997e+42
0832,166348772952636.78,58236.072560356355,6.600510833903876e+39,2711823817433.4067,668889.877234506,5.81747530587929e+42
0833,177399880318941.1,61508.313026213116,8.091296159701673e+39,3084103273751.8486,668889.877234506,8.768623557161161e+42
0834,201753354380024.28,59849.83358756864,5.643653335616521e+39,4393032100351.1543,564765.5608154068,1.2608879464685578e+42
0835,183197770019712.28,59849.83358756864,3.150055552370237e+39,5502149664498.068,510242.17724234634,1.5431517385520398e+42
0836,201753354380024.28,59849.83358756864,5.483934077536165e+39,3622123169553.179,584205.2955044999,1.123329459891539e+42
0837,269477498772982.75,61508.313026213116,1.4883700993156398e+40,2030297721130.8652,545972.6933965883,6.463975574391398e+41
0838,161084124603837.34,63212.75005376855,9.554331989826471e+39,2891979376341.5117,625115.1960956908,8.382690521450809e+42
0839,166348772952636.78,66764.62622930667,1.6163579373283398e+40,2986496787575.317,668889.877234506,4.6621436449675745e+42
0840,269477498772982.75,61508.313026213116,1.0674578488741727e+40,1213640220733.4148,668889.877234506,1.0038493461728116e+42
0841,229450075898644.53,61508.313026213116,1.2702386018883488e+40,2165177213798.77,691913.6638317006,1.0409037462422479e+42
0842,236949101430692.06,61508.313026213116,9.328055187658046e+39,2891979376341.5117,604314.1632126757,1.488615188722443e+42
0843,252690425600276.66,66764.62622930667,1.8704931649122242e+40,1903820532637.6072,545972.6933965883,3.892028789009883e+41
0844,166348772952636.78,68614.71925701875,1.4698995862184065e+40,3288990606564.976,604314.1632126757,4.351346275757604e+42
0845,146268955496099.66,66764.62622930667,6.042725714637361e+39,3507489292637.443,646632.2190966592,6.337100127370525e+42
0846,236949101430692.06,66764.62622930667,1.7286496244634168e+40,1621032433877.157,625115.1960956908,2.3073147215168e+42
0847,151049405567929.5,68614.71925701875,1.5631902770321589e+40,3396483377864.7783,625115.1960956908,4.702780448666404e+42
0848,236949101430692.06,63212.75005376855,2.9050808518532413e+40,1843567935364.6787,584205.2955044999,1.9146292231298433e+42
0849,155986093187309.53,61508.313026213116,9.510129301802728e+39,3622123169553.179,584205.2955044999,3.3983670937479886e+42
0850,189185149842584.28,66764.62622930667,9.301360945651852e+39,2800453276219.6113,668889.877234506,1.960408027031231e+42
0851,236949101430692.06,64964.418186161216,1.7524555700670897e+40,1253305141158.283,646632.2190966592,9.034594328414058e+41
0852,155986093187309.53,66764.62622930667,8.040843917684068e+39,2891979376341.5117,646632.2190966592,8.813315590781828e+42
0853,244693214630330.4,63212.75005376855,1.8395670046853012e+40,1425359001572.086,625115.1960956908,2.895765325199225e+42
0854,183197770019712.28,66764.62622930667,5.0756027525690166e+39,3622123169553.179,584205.2955044999,1.709418122603856e+42
0855,132816361603210.6,68614.71925701875,4.75242064224118e+39,3507489292637.443,584205.2955044999,4.50864329573062e+42
0856,155986093187309.53,66764.62622930667,7.276353592220244e+39,3184899793878.313,625115.1960956908,3.5717478859349494e+42
0857,137157145901648.11,68614.71925701875,1.9717921536311922e+39,2711823817433.4067,625115.1960956908,5.508752401410596e+42
0858,128612955552196.45,68614.71925701875,1.923831280592837e+39,3288990606564.976,584205.2955044999,5.1572752931002906e+42
0859,166348772952636.78,64964.418186161216,9.60001920818661e+39,3622123169553.179,564765.5608154068,5.1079271065441853e+42
0860,124542579966829.97,70516.07961601841,5.610234770108828e+39,3288990606564.976,584205.2955044999,2.4933006806197596e+42
0861,146268955496099.66,68614.71925701875,8.947974144388969e+39,3184899793878.313,625115.1960956908,4.368244379935532e+42
0862,124542579966829.97,70516.07961601841,9.265999969135168e+39,2711823817433.4067,668889.877234506,6.22021609585306e+42
0863,161084124603837.34,63212.75005376855,4.601020591006467e+39,2800453276219.6113,668889.877234506,3.372657512708967e+42
0864,128612955552196.45,64964.418186161216,7.466148809868512e+39,3184899793878.313,625115.1960956908,3.6389732286422173e+42
0865,229450075898644.53,66764.62622930667,2.0895520597396849e+40,1425359001572.086,625115.1960956908,1.2326113204958992e+42
0866,155986093187309.53,64964.418186161216,9.454290497860385e+38,2986496787575.317,604314.1632126757,4.0888759733139245e+42
0867,151049405567929.5,64964.418186161216,8.260696614278455e+39,3288990606564.976,584205.2955044999,4.125400236061583e+42
0868,146268955496099.66,66764.62622930667,4.2735051863683845e+39,3622123169553.179,564765.5608154068,2.5582325664227083e+42
0869,116784212709673.33,72470.1279587908,5.147950174110968e+39,2986496787575.317,584205.2955044999,2.9753679231247386e+42
0870,120601024665040.27,70516.07961601841,5.069643203072113e+39,2800453276219.6113,584205.2955044999,3.851407174975162e+42
0871,128612955552196.45,64964.418186161216,7.229021902058832e+39,3184899793878.313,545972.6933965883,1.9797593814520115e+42
0872,124542579966829.97,64964.418186161216,3.78075150600352e+39,3084103273751.8486,564765.5608154068,2.960368391091812e+42
0873,124542579966829.97,68614.71925701875,5.783895270587985e+39,3622123169553.179,545972.6933965883,1.8773859803975307e+42
0874,120601024665040.27,64964.418186161216,5.2317046069045034e+39,3396483377864.7783,545972.6933965883,1.5119343937245554e+42
0875,106043378597913.36,70516.07961601841,3.683623575043946e+39,2625999326339.922,604314.1632126757,2.5000452766710616e+42
0876,109509152145801.0,72470.1279587908,3.342922816344801e+39,2800453276219.6113,564765.5608154068,1.6812843140069756e+42
0877,113088196191517.5,74478.32430506358,6.347655671481695e+39,3288990606564.976,545972.6933965883,2.6751638195134958e+42
0878,137157145901648.11,64964.418186161216,4.976427414877711e+39,3396483377864.7783,545972.6933965883,2.6635868452828744e+42
0879,116784212709673.33,70516.07961601841,8.581865889245068e+38,3396483377864.7783,527805.1684035911,1.2447002373401937e+42
0880,120601024665040.27,72470.1279587908,5.816716013189081e+39,3507489292637.443,545972.6933965883,1.8519310434102577e+42
0881,109509152145801.0,72470.1279587908,3.586065036785222e+39,3288990606564.976,545972.6933965883,1.4974391350454204e+42
0882,222188381437239.4,66764.62622930667,4.886112994818726e+39,1569729586402.6428,545972.6933965883,4.118276250988076e+41
0883,132816361603210.6,64964.418186161216,7.04225285403152e+39,3740503579855.1514,564765.5608154068,1.57779155999879e+42
0884,113088196191517.5,68614.71925701875,1.5905811642839062e+39,3084103273751.8486,564765.5608154068,1.5736348577442572e+42
0885,106043378597913.36,72470.1279587908,3.1407638739979754e+39,3084103273751.8486,604314.1632126757,3.341487377800896e+42
0886,189185149842584.28,72470.1279587908,1.7310792330058368e+40,1621032433877.157,584205.2955044999,8.221565330523217e+41
0887,177399880318941.1,66764.62622930667,2.65577917221391e+39,1966042341572.603,668889.877234506,1.4127252087645015e+42
0888,120601024665040.27,68614.71925701875,5.490869651703355e+39,2711823817433.4067,625115.1960956908,4.896679315879614e+42
0889,141639798326106.53,64964.418186161216,6.326843710066596e+39,3288990606564.976,604314.1632126757,2.1346809071782547e+42
0890,132816361603210.6,64964.418186161216,3.35871833323358e+39,3507489292637.443,584205.2955044999,4.141924755374222e+42
0891,124542579966829.97,66764.62622930667,4.054675005859942e+39,3184899793878.313,584205.2955044999,2.90022068594539e+42
0892,106043378597913.36,70516.07961601841,5.6240195367671925e+38,3740503579855.1514,545972.6933965883,2.6301102248468823e+42
0893,106043378597913.36,72470.1279587908,2.9841995423282827e+38,3184899793878.313,564765.5608154068,2.815324423989002e+42
0894,183197770019712.28,70516.07961601841,7.35991813298539e+38,1621032433877.157,545972.6933965883,1.0092025553708126e+42
0895,116784212709673.33,72470.1279587908,5.021047412213174e+38,3084103273751.8486,604314.1632126757,2.4514993712796265e+42
0896,189185149842584.28,74478.32430506358,1.233635947845911e+40,1425359001572.086,604314.1632126757,8.649554834624993e+41
0897,109509152145801.0,76542.16913270067,2.6636224154810816e+39,3507489292637.443,564765.5608154068,1.846454308497585e+42
0898,201753354380024.28,66764.62622930667,1.4813812008551583e+40,1621032433877.157,564765.5608154068,4.286012866702084e+41
0899,109509152145801.0,74478.32430506358,2.5247974585375378e+39,2800453276219.6113,604314.1632126757,2.9122842234109303e+42
0900,146268955496099.66,72470.1279587908,3.127153133108794e+39,2891979376341.5117,625115.1960956908,2.5700261030710802e+42
0901,102687290734280.17,78663.20449882405,5.68450908308581e+39,2800453276219.6113,604314.1632126757,3.0264854930028993e+42
0902,109509152145801.0,74478.32430506358,1.3274936848597116e+39,3084103273751.8486,564765.5608154068,2.0726014504369556e+42
0903,102687290734280.17,76542.16913270067,2.986447345821567e+39,3084103273751.8486,564765.5608154068,2.583221305141501e+42
0904,146268955496099.66,70516.07961601841,2.0334214027800913e+39,2542891030606.955,646632.2190966592,7.96387406151019e+41
0905,132816361603210.6,70516.07961601841,1.6056057568335618e+39,3288990606564.976,584205.2955044999,1.3729588726179192e+42
0906,102687290734280.17,76542.16913270067,3.028093594630233e+39,2711823817433.4067,584205.2955044999,2.439527160570742e+42
0907,113088196191517.5,68614.71925701875,5.47786881288805e+39,2891979376341.5117,564765.5608154068,1.9592430557796177e+42
0908,109509152145801.0,70516.07961601841,4.619441152776444e+39,2800453276219.6113,564765.5608154068,2.0426344256064924e+42
0909,106043378597913.36,66764.62622930667,1.4511558402013428e+39,2800453276219.6113,584205.2955044999,1.7490380611692185e+42
0910,116784212709673.33,66764.62622930667,2.2610178625862583e+39,3740503579855.1514,545972.6933965883,1.7361078462434986e+42
0911,132816361603210.6,59849.83358756864,9.193059229332396e+39,2986496787575.317,604314.1632126757,5.150335273309793e+42
0912,177399880318941.1,63212.75005376855,1.2616398871355346e+40,2165177213798.77,668889.877234506,5.649137702246337e+41
0913,124542579966829.97,61508.313026213116,3.3509328022540323e+39,2986496787575.317,584205.2955044999,2.819603499784035e+42
0914,183197770019712.28,56665.82417966015,5.542355373151511e+39,2800453276219.6113,625115.1960956908,7.57231372630991e+41
0915,137157145901648.11,56665.82417966015,4.9884189114665907e+39,3288990606564.976,564765.5608154068,1.8282222051449394e+42
0916,137157145901648.11,58236.072560356355,8.755884049535271e+39,2800453276219.6113,604314.1632126757,2.84581550211601e+42
0917,155986093187309.53,58236.072560356355,1.103030240897201e+40,2891979376341.5117,625115.1960956908,2.2068475482324526e+42
0918,171785483708608.12,56665.82417966015,6.156227370944448e+39,3084103273751.8486,604314.1632126757,1.865765363944478e+42
0919,120601024665040.27,64964.418186161216,4.061457547584322e+39,2462412967391.7036,584205.2955044999,2.548769145337365e+42
0920,177399880318941.1,61508.313026213116,3.325350628255402e+39,2711823817433.4067,604314.1632126757,6.955227629719721e+41
0921,120601024665040.27,63212.75005376855,4.73216411816808e+39,3184899793878.313,545972.6933965883,1.1827069022710714e+42
0922,137157145901648.11,59849.83358756864,4.291719558835521e+39,2625999326339.922,604314.1632126757,2.7369254843432884e+42
0923,215156506932285.7,64964.418186161216,2.6648759160758554e+40,1294266414394.6626,604314.1632126757,8.893547330443949e+41
0924,141639798326106.53,63212.75005376855,1.118552932961086e+40,3084103273751.8486,564765.5608154068,1.6572367112312946e+42
0925,215156506932285.7,61508.313026213116,1.4141567475237324e+39,1621032433877.157,604314.1632126757,4.470412133027698e+41
0926,116784212709673.33,66764.62622930667,1.358163466368136e+39,3084103273751.8486,527805.1684035911,8.967937623943891e+41
0927,132816361603210.6,59849.83358756864,5.4137541326248386e+39,3862752970003.271,527805.1684035911,1.8064801095099244e+42
0928,201753354380024.28,63212.75005376855,6.855913239877142e+39,1785222227641.4202,527805.1684035911,3.925545889482045e+41
0929,229450075898644.53,58236.072560356355,1.261506141931197e+40,1253305141158.283,493263.6037355609,3.1313725281613958e+41
0930,116784212709673.33,63212.75005376855,1.2233239022192872e+39,3084103273751.8486,564765.5608154068,2.5187649545866557e+42
0931,195368212817820.12,59849.83358756864,3.1300016203873254e+39,1213640220733.4148,625115.1960956908,1.0909004143882763e+42
0932,113088196191517.5,64964.418186161216,6.149982118144418e+39,2800453276219.6113,584205.2955044999,2.6010146477799827e+42
0933,195368212817820.12,59849.83358756864,1.536818727287214e+40,1674011991902.1965,545972.6933965883,1.2684865839999893e+42
0934,208347178983248.0,63212.75005376855,1.985273513052709e+40,968995896705.6782,527805.1684035911,4.7878323196453894e+41
0935,183197770019712.28,59849.83358756864,1.1421126673856603e+40,1903820532637.6072,646632.2190966592,1.5012647341298467e+41
0936,137157145901648.11,63212.75005376855,2.0404893670408838e+39,2625999326339.922,584205.2955044999,1.5837624803951714e+42
0937,106043378597913.36,68614.71925701875,6.080748536505165e+39,3184899793878.313,545972.6933965883,1.751422148465433e+42
0938,102687290734280.17,72470.1279587908,5.857876068221974e+39,2462412967391.7036,564765.5608154068,1.4964429947604895e+42
0939,113088196191517.5,64964.418186161216,4.128805812031097e+38,2711823817433.4067,527805.1684035911,9.953364593093207e+41
0940,124542579966829.97,64964.418186161216,3.111167944708886e+39,3740503579855.1514,510242.17724234634,6.134563026797012e+41
0941,137157145901648.11,59849.83358756864,4.5631587535285624e+39,3184899793878.313,545972.6933965883,1.076785481485429e+42
0942,116784212709673.33,64964.418186161216,6.612223423473351e+39,3396483377864.7783,545972.6933965883,1.2025425487444253e+42
0943,120601024665040.27,63212.75005376855,1.0733830282414545e+39,2986496787575.317,527805.1684035911,1.0391303099242566e+42
0944,106043378597913.36,63212.75005376855,2.1961185531967406e+39,2625999326339.922,527805.1684035911,8.679650475193864e+41
0945,109509152145801.0,61508.313026213116,1.608629351491815e+39,3507489292637.443,476850.00108219223,4.214127670988578e+41
0946,195368212817820.12,59849.83358756864,4.416415517247335e+39,1621032433877.157,476850.00108219223,6.980498459873175e+40
0947,229450075898644.53,58236.072560356355,1.3157959137863217e+40,1471943442667.867,402620.02379144216,1.8536572359933664e+40
0948,109509152145801.0,63212.75005376855,5.992145482491738e+39,2891979376341.5117,510242.17724234634,4.696630699883801e+41
0949,120601024665040.27,59849.83358756864,4.390118851245837e+39,3288990606564.976,527805.1684035911,7.427888435286554e+41
0950,189185149842584.28,56665.82417966015,3.7748254935383756e+39,1621032433877.157,527805.1684035911,1.9650432296855873e+41
0951,116784212709673.33,59849.83358756864,4.0387018995387365e+39,3084103273751.8486,510242.17724234634,4.329411553440161e+41
0952,183197770019712.28,59849.83358756864,1.716185278120746e+40,1569729586402.6428,510242.17724234634,8.605967906992461e+40
0953,113088196191517.5,58236.072560356355,4.378893197455144e+39,3507489292637.443,493263.6037355609,5.1266394951270444e+41
0954,195368212817820.12,53651.20397974041,6.998318153503358e+39,1903820532637.6072,493263.6037355609,1.756381737747652e+41
0955,208347178983248.0,55137.91519220738,2.228925784272831e+40,879875767023.7208,545972.6933965883,5.577850995385906e+40
0956,195368212817820.12,58236.072560356355,1.3632651010572023e+40,462470620963.63354,545972.6933965883,2.724245921471425e+40
0957,106043378597913.36,59849.83358756864,2.4815189714607275e+39,3084103273751.8486,493263.6037355609,2.9719803354468485e+41
0958,102687290734280.17,59849.83358756864,1.458593149244779e+39,3288990606564.976,460982.5695836015,2.4344240511656307e+41
0959,128612955552196.45,53651.20397974041,3.771420827746111e+39,3622123169553.179,493263.6037355609,7.581622585109754e+40
0960,195368212817820.12,53651.20397974041,9.120503455342503e+39,2030297721130.8652,493263.6037355609,2.6578318514384603e+40
0961,137157145901648.11,52204.57970602628,5.860467006115637e+39,3988997788326.376,430814.1282887437,8.435515504945763e+40
0962,146268955496099.66,50796.96148686583,7.773534206227508e+39,4684875968766.25,389222.6333479636,7.349149689461466e+40
0963,166348772952636.78,48094.56461168163,3.4395398399415583e+39,5159393814953.366,351646.4488109529,5.511574103864594e+40
0964,166348772952636.78,45535.93517173839,8.390749051760475e+39,4837989905933.884,328633.3764141353,2.404716455038624e+40
0965,252690425600276.66,43113.424743658674,1.2118059973022355e+40,4254000301181.0786,317697.9300964932,1.4459450039681184e+40
0966,215156506932285.7,45535.93517173839,1.0243207711138945e+40,2462412967391.7036,317697.9300964932,5.124904611678651e+39
0967,229450075898644.53,44308.126953854226,1.6162154353316774e+40,1621032433877.157,317697.9300964932,2.0974080721011067e+39
0968,229450075898644.53,41950.93588729162,2.2965621840485545e+40,1336566408625.6714,317697.9300964932,5.96409720268055e+38
0969,208347178983248.0,43113.424743658674,1.4861303148171391e+40,1621032433877.157,296906.57704756694,5.386353203322596e+38
0970,215156506932285.7,40819.79179996614,1.505432926232975e+40,294814000000.0001,328633.3764141353,5.072179255566898e+37
0971,171785483708608.12,43113.424743658674,1.0756467166827696e+40,324674876838.2507,296906.57704756694,1.7142607401708004e+39
0972,137157145901648.11,45535.93517173839,1.3834033453783221e+40,1067142752446.2457,287026.8564601882,3.925181175462368e+38
0973,151049405567929.5,43113.424743658674,1.2875459499774553e+40,493194096678.63446,287026.8564601882,1.2871919255607076e+38
0974,155986093187309.53,40819.79179996614,1.5516040639808985e+40,294814000000.0001,287026.8564601882,1.863897663559749e+38
0975,137157145901648.11,43113.424743658674,1.3378987445631757e+40,637900221309.1887,287026.8564601882,1.0710416665366896e+38
0976,151049405567929.5,40819.79179996614,3.031177786377978e+40,493194096678.63446,287026.8564601882,6.149242374126557e+37
0977,155986093187309.53,39719.147316981514,1.2242832354462622e+40,294814000000.0001,287026.8564601882,1.2874284804215673e+34
0978,166348772952636.78,39719.147316981514,4.367153720657079e+40,658748460420.7306,389222.6333479636,8.405016754735954e+38
0979,151049405567929.5,40819.79179996614,1.5255805671402152e+40,294814000000.0001,389222.6333479636,1.0137748924874789e+40
0980,128612955552196.45,43113.424743658674,1.546848191348779e+40,294814000000.0001,328633.3764141353,5.936732315791456e+39
0981,128612955552196.45,40819.79179996614,2.019296887159148e+40,749181517730.5321,296906.57704756694,3.203994544139597e+38
0982,141639798326106.53,39719.147316981514,1.125390603120747e+40,1294266414394.6626,389222.6333479636,37759.93362372456
0983,146268955496099.66,40819.79179996614,1.4350822700421898e+40,658748460420.7306,389222.6333479636,9713.651112014355
0984,106043378597913.36,40819.79179996614,1.126869305906368e+40,938328867685.6477,416478.5643719295,3.768627575428347e-09
0985,116784212709673.33,40819.79179996614,1.2708132613149355e+40,938328867685.6477,268242.7343685689,5.482637729634544e+39
0986,132816361603210.6,39719.147316981514,1.4102564046239454e+40,1903820532637.6072,268242.7343685689,1.8120343407930527e+38
0987,132816361603210.6,39719.147316981514,6.567284304652087e+39,1253305141158.283,339945.2305545469,4.890221004816803e+38
0988,132816361603210.6,43113.424743658674,2.1951314493179615e+40,968995896705.6782,317697.9300964932,3.6183678043230766e+38
0989,177399880318941.1,38648.180062236104,1.0489066858987665e+41,825063996277.8367,296906.57704756694,2.125812247901412e+38
0990,155986093187309.53,39719.147316981514,8.399945494546581e+40,294814000000.0001,259316.8180365392,5.606407492046932e+37
0991,155986093187309.53,39719.147316981514,2.084117492847106e+41,357560277496.77295,277475.8887076415,2.0283720121084396e+36
0992,166348772952636.78,38648.180062236104,1.836939320598741e+41,658748460420.7306,259316.8180365392,5.107077813977999e+38
0993,166348772952636.78,40819.79179996614,2.1706455052526948e+41,852029234573.9205,445643.1351108912,7.266738193639856e-42
0994,137157145901648.11,40819.79179996614,1.2926861790642408e+41,381314206945.15826,445643.1351108912,1.6260148935560483e-43
0995,141639798326106.53,40819.79179996614,1.4868187065334735e+41,6257485343945.197,430814.1282887437,5.484628889068126e-43
0996,141639798326106.53,40819.79179996614,2.5598251286430153e+41,3184899793878.313,430814.1282887437,5.555885546450533e-44
0997,161084124603837.34,38648.180062236104,2.7229155412778237e+41,2235940839149.9287,250687.9162072655,2.868124479929793e+39
0998,166348772952636.78,39719.147316981514,4.450631888376958e+41,1102019754406.6584,430814.1282887437,4.214601841710444e-45
0999,189185149842584.28,38648.180062236104,5.5433495030117344e+41,294814000000.0001,389222.6333479636,5.760853808094871e+38
1000,137157145901648.11,38648.180062236104,1.3629758387184278e+41,314399483615.30316,430814.1282887437,4.65403227286177e-46
